Image name,Translated text,Ground truth,Translation language,Image preprocessing,Text_TT,Text_GT,diff_TT/GT,match,similarity
040_3_07_2.png,avo,ad,eng,Original_grayscale,3,2,150.0%,No,
040_3_07_2.png,avo,ad,eng,Threshold,3,2,150.0%,No,
040_3_07_2.png,ado,ad,eng,Deskewed,3,2,150.0%,No,
040_3_07_2.png,Aav,ad,enm,Original_grayscale,3,2,150.0%,No,
040_3_07_2.png,av,ad,enm,Threshold,2,2,100.0%,No,
040_3_07_2.png,adD,ad,enm,Deskewed,3,2,150.0%,No,
040_3_07_2.png,av,ad,ita,Original_grayscale,2,2,100.0%,No,
040_3_07_2.png,av,ad,ita,Threshold,2,2,100.0%,No,
040_3_07_2.png,av,ad,ita,Deskewed,2,2,100.0%,No,
040_3_07_2.png,AV,ad,ita_old,Original_grayscale,2,2,100.0%,No,
040_3_07_2.png,IV,ad,ita_old,Threshold,2,2,100.0%,No,
040_3_07_2.png,dO,ad,ita_old,Deskewed,2,2,100.0%,No,
040_3_07_2.png,do,ad,lat,Original_grayscale,2,2,100.0%,No,
040_3_07_2.png,do,ad,lat,Threshold,2,2,100.0%,No,
040_3_07_2.png,Jo,ad,lat,Deskewed,2,2,100.0%,No,
040_3_01_4.png,chelmo,Chelmo,eng,Original_grayscale,6,6,100.0%,Yes,
040_3_01_4.png,chelmo,Chelmo,eng,Threshold,6,6,100.0%,Yes,
040_3_01_4.png,chelmo,Chelmo,eng,Deskewed,6,6,100.0%,Yes,
040_3_01_4.png,chelmo,Chelmo,enm,Original_grayscale,6,6,100.0%,Yes,
040_3_01_4.png,chelmo,Chelmo,enm,Threshold,6,6,100.0%,Yes,
040_3_01_4.png,chelmo,Chelmo,enm,Deskewed,6,6,100.0%,Yes,
040_3_01_4.png,chelmo,Chelmo,ita,Original_grayscale,6,6,100.0%,Yes,
040_3_01_4.png,chelmo,Chelmo,ita,Threshold,6,6,100.0%,Yes,
040_3_01_4.png,chelmo,Chelmo,ita,Deskewed,6,6,100.0%,Yes,
040_3_01_4.png,chelmo,Chelmo,ita_old,Original_grayscale,6,6,100.0%,Yes,
040_3_01_4.png,chelmo,Chelmo,ita_old,Threshold,6,6,100.0%,Yes,
040_3_01_4.png,chelmo,Chelmo,ita_old,Deskewed,6,6,100.0%,Yes,
040_3_01_4.png,dxlmo,Chelmo,lat,Original_grayscale,5,6,83.33%,No,
040_3_01_4.png,dxlmo,Chelmo,lat,Threshold,5,6,83.33%,No,
040_3_01_4.png,dxlmo,Chelmo,lat,Deskewed,5,6,83.33%,No,
040_3_25_5.png,aonKs,comes,eng,Original_grayscale,5,5,100.0%,No,
040_3_25_5.png,onKe,comes,eng,Threshold,4,5,80.0%,No,
040_3_25_5.png,ONKe,comes,eng,Deskewed,4,5,80.0%,No,
040_3_25_5.png,cOmes,comes,enm,Original_grayscale,5,5,100.0%,Yes,
040_3_25_5.png,comes,comes,enm,Threshold,5,5,100.0%,Yes,
040_3_25_5.png,comes,comes,enm,Deskewed,5,5,100.0%,Yes,
040_3_25_5.png,ON,comes,ita,Original_grayscale,2,5,40.0%,No,
040_3_25_5.png,ON,comes,ita,Threshold,2,5,40.0%,No,
040_3_25_5.png,ON,comes,ita,Deskewed,2,5,40.0%,No,
040_3_25_5.png,comcs,comes,ita_old,Original_grayscale,5,5,100.0%,No,
040_3_25_5.png,ccomcs,comes,ita_old,Threshold,6,5,120.0%,No,
040_3_25_5.png,comnce,comes,ita_old,Deskewed,6,5,120.0%,No,
040_3_25_5.png,conics,comes,lat,Original_grayscale,6,5,120.0%,No,
040_3_25_5.png,conics,comes,lat,Threshold,6,5,120.0%,No,
040_3_25_5.png,cones,comes,lat,Deskewed,5,5,100.0%,No,
040_3_25_4.png,et,et,eng,Original_grayscale,2,2,100.0%,Yes,
040_3_25_4.png,et,et,eng,Threshold,2,2,100.0%,Yes,
040_3_25_4.png,et,et,eng,Deskewed,2,2,100.0%,Yes,
040_3_25_4.png,s of,et,enm,Original_grayscale,4,2,200.0%,No,
040_3_25_4.png,ee,et,enm,Threshold,2,2,100.0%,No,
040_3_25_4.png,s o,et,enm,Deskewed,3,2,150.0%,No,
040_3_25_4.png,e,et,ita,Original_grayscale,1,2,50.0%,No,
040_3_25_4.png,e,et,ita,Threshold,1,2,50.0%,No,
040_3_25_4.png,et,et,ita,Deskewed,2,2,100.0%,Yes,
040_3_25_4.png,et,et,ita_old,Original_grayscale,2,2,100.0%,Yes,
040_3_25_4.png,et,et,ita_old,Threshold,2,2,100.0%,Yes,
040_3_25_4.png,et,et,ita_old,Deskewed,2,2,100.0%,Yes,
040_3_25_4.png,ct,et,lat,Original_grayscale,2,2,100.0%,No,
040_3_25_4.png,et,et,lat,Threshold,2,2,100.0%,Yes,
040_3_25_4.png,et,et,lat,Deskewed,2,2,100.0%,Yes,
040_3_05_3.png,eis,eis,eng,Original_grayscale,3,3,100.0%,Yes,
040_3_05_3.png,eis,eis,eng,Threshold,3,3,100.0%,Yes,
040_3_05_3.png,Cis,eis,eng,Deskewed,3,3,100.0%,No,
040_3_05_3.png,cis,eis,enm,Original_grayscale,3,3,100.0%,No,
040_3_05_3.png,els,eis,enm,Threshold,3,3,100.0%,No,
040_3_05_3.png,cls,eis,enm,Deskewed,3,3,100.0%,No,
040_3_05_3.png,eIs,eis,ita,Original_grayscale,3,3,100.0%,Yes,
040_3_05_3.png,eIs,eis,ita,Threshold,3,3,100.0%,Yes,
040_3_05_3.png,eI,eis,ita,Deskewed,2,3,66.67%,No,
040_3_05_3.png,cis,eis,ita_old,Original_grayscale,3,3,100.0%,No,
040_3_05_3.png,eis,eis,ita_old,Threshold,3,3,100.0%,Yes,
040_3_05_3.png,Cis,eis,ita_old,Deskewed,3,3,100.0%,No,
040_3_05_3.png,ci,eis,lat,Original_grayscale,2,3,66.67%,No,
040_3_05_3.png,ei,eis,lat,Threshold,2,3,66.67%,No,
040_3_05_3.png,eis,eis,lat,Deskewed,3,3,100.0%,Yes,
040_3_27_4.png,uel,vel,eng,Original_grayscale,3,3,100.0%,No,
040_3_27_4.png,uel,vel,eng,Threshold,3,3,100.0%,No,
040_3_27_4.png,uel,vel,eng,Deskewed,3,3,100.0%,No,
040_3_27_4.png,uel,vel,enm,Original_grayscale,3,3,100.0%,No,
040_3_27_4.png,uel,vel,enm,Threshold,3,3,100.0%,No,
040_3_27_4.png,uel,vel,enm,Deskewed,3,3,100.0%,No,
040_3_27_4.png,uel,vel,ita,Original_grayscale,3,3,100.0%,No,
040_3_27_4.png,uel,vel,ita,Threshold,3,3,100.0%,No,
040_3_27_4.png,uel,vel,ita,Deskewed,3,3,100.0%,No,
040_3_27_4.png,uel,vel,ita_old,Original_grayscale,3,3,100.0%,No,
040_3_27_4.png,uel,vel,ita_old,Threshold,3,3,100.0%,No,
040_3_27_4.png,ucl,vel,ita_old,Deskewed,3,3,100.0%,No,
040_3_27_4.png,ucl,vel,lat,Original_grayscale,3,3,100.0%,No,
040_3_27_4.png,uc,vel,lat,Threshold,2,3,66.67%,No,
040_3_27_4.png,ucl,vel,lat,Deskewed,3,3,100.0%,No,
040_3_03_4.png,ragoney,racionem,eng,Original_grayscale,7,8,87.5%,No,
040_3_03_4.png,ratoney,racionem,eng,Threshold,7,8,87.5%,No,
040_3_03_4.png,rationes,racionem,eng,Deskewed,8,8,100.0%,No,
040_3_03_4.png,ragone,racionem,enm,Original_grayscale,6,8,75.0%,No,
040_3_03_4.png,ragone,racionem,enm,Threshold,6,8,75.0%,No,
040_3_03_4.png,racgone,racionem,enm,Deskewed,7,8,87.5%,No,
040_3_03_4.png,ratoNnez,racionem,ita,Original_grayscale,8,8,100.0%,No,
040_3_03_4.png,ratoney,racionem,ita,Threshold,7,8,87.5%,No,
040_3_03_4.png,rAON,racionem,ita,Deskewed,4,8,50.0%,No,
040_3_03_4.png,rationcz,racionem,ita_old,Original_grayscale,8,8,100.0%,No,
040_3_03_4.png,rationer,racionem,ita_old,Threshold,8,8,100.0%,No,
040_3_03_4.png,rationc,racionem,ita_old,Deskewed,7,8,87.5%,No,
040_3_03_4.png,rationez,racionem,lat,Original_grayscale,8,8,100.0%,No,
040_3_03_4.png,rationez,racionem,lat,Threshold,8,8,100.0%,No,
040_3_03_4.png,rationc,racionem,lat,Deskewed,7,8,87.5%,No,
040_3_01_6.png,qum z,qui,eng,Original_grayscale,5,3,166.67%,No,
040_3_01_6.png,qum z,qui,eng,Threshold,5,3,166.67%,No,
040_3_01_6.png,qu,qui,eng,Deskewed,2,3,66.67%,No,
040_3_01_6.png,fqm,qui,enm,Original_grayscale,3,3,100.0%,No,
040_3_01_6.png,fqm,qui,enm,Threshold,3,3,100.0%,No,
040_3_01_6.png,qAu,qui,enm,Deskewed,3,3,100.0%,No,
040_3_01_6.png,qutu f,qui,ita,Original_grayscale,6,3,200.0%,No,
040_3_01_6.png,qutu f,qui,ita,Threshold,6,3,200.0%,No,
040_3_01_6.png,u,qui,ita,Deskewed,1,3,33.33%,No,
040_3_01_6.png,fqm,qui,ita_old,Original_grayscale,3,3,100.0%,No,
040_3_01_6.png,fqm,qui,ita_old,Threshold,3,3,100.0%,No,
040_3_01_6.png,Qu,qui,ita_old,Deskewed,2,3,66.67%,No,
040_3_01_6.png,fqtu j,qui,lat,Original_grayscale,6,3,200.0%,No,
040_3_01_6.png,fqtu f,qui,lat,Threshold,6,3,200.0%,No,
040_3_01_6.png,Qu,qui,lat,Deskewed,2,3,66.67%,No,
040_3_05_6.png,per,per,eng,Original_grayscale,3,3,100.0%,Yes,
040_3_05_6.png,per,per,eng,Threshold,3,3,100.0%,Yes,
040_3_05_6.png,per,per,eng,Deskewed,3,3,100.0%,Yes,
040_3_05_6.png,per,per,enm,Original_grayscale,3,3,100.0%,Yes,
040_3_05_6.png,pr,per,enm,Threshold,2,3,66.67%,No,
040_3_05_6.png,per,per,enm,Deskewed,3,3,100.0%,Yes,
040_3_05_6.png,per,per,ita,Original_grayscale,3,3,100.0%,Yes,
040_3_05_6.png,per,per,ita,Threshold,3,3,100.0%,Yes,
040_3_05_6.png,per,per,ita,Deskewed,3,3,100.0%,Yes,
040_3_05_6.png,per,per,ita_old,Original_grayscale,3,3,100.0%,Yes,
040_3_05_6.png,per,per,ita_old,Threshold,3,3,100.0%,Yes,
040_3_05_6.png,per,per,ita_old,Deskewed,3,3,100.0%,Yes,
040_3_05_6.png,r,per,lat,Original_grayscale,1,3,33.33%,No,
040_3_05_6.png,r,per,lat,Threshold,1,3,33.33%,No,
040_3_05_6.png,fxr,per,lat,Deskewed,3,3,100.0%,No,
040_3_23_5.png,av,ad,eng,Original_grayscale,2,2,100.0%,No,
040_3_23_5.png,av,ad,eng,Threshold,2,2,100.0%,No,
040_3_23_5.png,a,ad,eng,Deskewed,1,2,50.0%,No,
040_3_23_5.png,avp,ad,enm,Original_grayscale,3,2,150.0%,No,
040_3_23_5.png,avp,ad,enm,Threshold,3,2,150.0%,No,
040_3_23_5.png,avp,ad,enm,Deskewed,3,2,150.0%,No,
040_3_23_5.png,av,ad,ita,Original_grayscale,2,2,100.0%,No,
040_3_23_5.png,av,ad,ita,Threshold,2,2,100.0%,No,
040_3_23_5.png,av,ad,ita,Deskewed,2,2,100.0%,No,
040_3_23_5.png,av,ad,ita_old,Original_grayscale,2,2,100.0%,No,
040_3_23_5.png,av,ad,ita_old,Threshold,2,2,100.0%,No,
040_3_23_5.png,dV,ad,ita_old,Deskewed,2,2,100.0%,No,
040_3_23_5.png,E,ad,lat,Original_grayscale,1,2,50.0%,No,
040_3_23_5.png,o,ad,lat,Threshold,1,2,50.0%,No,
040_3_23_5.png,J,ad,lat,Deskewed,1,2,50.0%,No,
040_3_27_1.png,babuerit,habuerit,eng,Original_grayscale,8,8,100.0%,No,
040_3_27_1.png,babuerit,habuerit,eng,Threshold,8,8,100.0%,No,
040_3_27_1.png,babuerit,habuerit,eng,Deskewed,8,8,100.0%,No,
040_3_27_1.png,habueric,habuerit,enm,Original_grayscale,8,8,100.0%,No,
040_3_27_1.png,habueric,habuerit,enm,Threshold,8,8,100.0%,No,
040_3_27_1.png,babuerit,habuerit,enm,Deskewed,8,8,100.0%,No,
040_3_27_1.png,babuerit,habuerit,ita,Original_grayscale,8,8,100.0%,No,
040_3_27_1.png,babuerit,habuerit,ita,Threshold,8,8,100.0%,No,
040_3_27_1.png,babuerit,habuerit,ita,Deskewed,8,8,100.0%,No,
040_3_27_1.png,habuerit,habuerit,ita_old,Original_grayscale,8,8,100.0%,Yes,
040_3_27_1.png,habuerit,habuerit,ita_old,Threshold,8,8,100.0%,Yes,
040_3_27_1.png,habuerit,habuerit,ita_old,Deskewed,8,8,100.0%,Yes,
040_3_27_1.png,babuerit,habuerit,lat,Original_grayscale,8,8,100.0%,No,
040_3_27_1.png,babuerit,habuerit,lat,Threshold,8,8,100.0%,No,
040_3_27_1.png,babuerit,habuerit,lat,Deskewed,8,8,100.0%,No,
040_3_25_3.png,ragufio,Ragusio,eng,Original_grayscale,7,7,100.0%,No,
040_3_25_3.png,ragufio,Ragusio,eng,Threshold,7,7,100.0%,No,
040_3_25_3.png,ragufio,Ragusio,eng,Deskewed,7,7,100.0%,No,
040_3_25_3.png,ragulio,Ragusio,enm,Original_grayscale,7,7,100.0%,No,
040_3_25_3.png,ragulio,Ragusio,enm,Threshold,7,7,100.0%,No,
040_3_25_3.png,ragulio,Ragusio,enm,Deskewed,7,7,100.0%,No,
040_3_25_3.png,ragufio,Ragusio,ita,Original_grayscale,7,7,100.0%,No,
040_3_25_3.png,ragufio,Ragusio,ita,Threshold,7,7,100.0%,No,
040_3_25_3.png,ragufio,Ragusio,ita,Deskewed,7,7,100.0%,No,
040_3_25_3.png,ragulio,Ragusio,ita_old,Original_grayscale,7,7,100.0%,No,
040_3_25_3.png,ragulio,Ragusio,ita_old,Threshold,7,7,100.0%,No,
040_3_25_3.png,ragulio,Ragusio,ita_old,Deskewed,7,7,100.0%,No,
040_3_25_3.png,ragufio,Ragusio,lat,Original_grayscale,7,7,100.0%,No,
040_3_25_3.png,ragufio,Ragusio,lat,Threshold,7,7,100.0%,No,
040_3_25_3.png,ragufio,Ragusio,lat,Deskewed,7,7,100.0%,No,
040_3_03_1.png,niant,niant,eng,Original_grayscale,5,5,100.0%,Yes,
040_3_03_1.png,nant,niant,eng,Threshold,4,5,80.0%,No,
040_3_03_1.png,niant,niant,eng,Deskewed,5,5,100.0%,Yes,
040_3_03_1.png,niant,niant,enm,Original_grayscale,5,5,100.0%,Yes,
040_3_03_1.png,niant,niant,enm,Threshold,5,5,100.0%,Yes,
040_3_03_1.png,niant,niant,enm,Deskewed,5,5,100.0%,Yes,
040_3_03_1.png,nmiant,niant,ita,Original_grayscale,6,5,120.0%,No,
040_3_03_1.png,niant,niant,ita,Threshold,5,5,100.0%,Yes,
040_3_03_1.png,niant,niant,ita,Deskewed,5,5,100.0%,Yes,
040_3_03_1.png,mant,niant,ita_old,Original_grayscale,4,5,80.0%,No,
040_3_03_1.png,mant,niant,ita_old,Threshold,4,5,80.0%,No,
040_3_03_1.png,niant,niant,ita_old,Deskewed,5,5,100.0%,Yes,
040_3_03_1.png,Qiant,niant,lat,Original_grayscale,5,5,100.0%,No,
040_3_03_1.png,Qant,niant,lat,Threshold,4,5,80.0%,No,
040_3_03_1.png,niant,niant,lat,Deskewed,5,5,100.0%,Yes,
040_3_25_2.png,w,de,eng,Original_grayscale,1,2,50.0%,No,
040_3_25_2.png,w,de,eng,Threshold,1,2,50.0%,No,
040_3_25_2.png,o,de,eng,Deskewed,1,2,50.0%,No,
040_3_25_2.png,w,de,enm,Original_grayscale,1,2,50.0%,No,
040_3_25_2.png,w,de,enm,Threshold,1,2,50.0%,No,
040_3_25_2.png,Vc,de,enm,Deskewed,2,2,100.0%,No,
040_3_25_2.png,w,de,ita,Original_grayscale,1,2,50.0%,No,
040_3_25_2.png,w,de,ita,Threshold,1,2,50.0%,No,
040_3_25_2.png,e,de,ita,Deskewed,1,2,50.0%,No,
040_3_25_2.png,w,de,ita_old,Original_grayscale,1,2,50.0%,No,
040_3_25_2.png,w,de,ita_old,Threshold,1,2,50.0%,No,
040_3_25_2.png,P,de,ita_old,Deskewed,1,2,50.0%,No,
040_3_25_2.png,w w,de,lat,Original_grayscale,3,2,150.0%,No,
040_3_25_2.png,w w,de,lat,Threshold,3,2,150.0%,No,
040_3_25_2.png,vc,de,lat,Deskewed,2,2,100.0%,No,
040_3_01_3.png,N,de,eng,Original_grayscale,1,2,50.0%,No,
040_3_01_3.png,K,de,eng,Threshold,1,2,50.0%,No,
040_3_01_3.png,e,de,eng,Deskewed,1,2,50.0%,No,
040_3_01_3.png,In,de,enm,Original_grayscale,2,2,100.0%,No,
040_3_01_3.png,Ie,de,enm,Threshold,2,2,100.0%,No,
040_3_01_3.png,I,de,enm,Deskewed,1,2,50.0%,No,
040_3_01_3.png,Ww,de,ita,Original_grayscale,2,2,100.0%,No,
040_3_01_3.png,w,de,ita,Threshold,1,2,50.0%,No,
040_3_01_3.png,w,de,ita,Deskewed,1,2,50.0%,No,
040_3_01_3.png,V,de,ita_old,Original_grayscale,1,2,50.0%,No,
040_3_01_3.png,w,de,ita_old,Threshold,1,2,50.0%,No,
040_3_01_3.png,w,de,ita_old,Deskewed,1,2,50.0%,No,
040_3_01_3.png,xX,de,lat,Original_grayscale,2,2,100.0%,No,
040_3_01_3.png,xX,de,lat,Threshold,2,2,100.0%,No,
040_3_01_3.png,oX,de,lat,Deskewed,2,2,100.0%,No,
040_3_18_2.png,f iixpza,supra,eng,Original_grayscale,8,5,160.0%,No,
040_3_18_2.png,f iixpza,supra,eng,Threshold,8,5,160.0%,No,
040_3_18_2.png,Ifigpza,supra,eng,Deskewed,7,5,140.0%,No,
040_3_18_2.png,l iizpza,supra,enm,Original_grayscale,8,5,160.0%,No,
040_3_18_2.png,l iizpza,supra,enm,Threshold,8,5,160.0%,No,
040_3_18_2.png,TZIPZJ,supra,enm,Deskewed,6,5,120.0%,No,
040_3_18_2.png,l lhpza,supra,ita,Original_grayscale,7,5,140.0%,No,
040_3_18_2.png,l lhpza,supra,ita,Threshold,7,5,140.0%,No,
040_3_18_2.png,alPZd,supra,ita,Deskewed,5,5,100.0%,No,
040_3_18_2.png,j Mpza,supra,ita_old,Original_grayscale,6,5,120.0%,No,
040_3_18_2.png,l Mpza,supra,ita_old,Threshold,6,5,120.0%,No,
040_3_18_2.png,TZIPZJ,supra,ita_old,Deskewed,6,5,120.0%,No,
040_3_18_2.png,J iixpza,supra,lat,Original_grayscale,8,5,160.0%,No,
040_3_18_2.png,l iixpza,supra,lat,Threshold,8,5,160.0%,No,
040_3_18_2.png,Ifixpza,supra,lat,Deskewed,7,5,140.0%,No,
040_3_23_4.png,babugerit,habuerit,eng,Original_grayscale,9,8,112.5%,No,
040_3_23_4.png,babuerit,habuerit,eng,Threshold,8,8,100.0%,No,
040_3_23_4.png,babuent,habuerit,eng,Deskewed,7,8,87.5%,No,
040_3_23_4.png,babuerc,habuerit,enm,Original_grayscale,7,8,87.5%,No,
040_3_23_4.png,babuer,habuerit,enm,Threshold,6,8,75.0%,No,
040_3_23_4.png,babuert,habuerit,enm,Deskewed,7,8,87.5%,No,
040_3_23_4.png,babuerit,habuerit,ita,Original_grayscale,8,8,100.0%,No,
040_3_23_4.png,babuerit,habuerit,ita,Threshold,8,8,100.0%,No,
040_3_23_4.png,babuent,habuerit,ita,Deskewed,7,8,87.5%,No,
040_3_23_4.png,hbabuent,habuerit,ita_old,Original_grayscale,8,8,100.0%,No,
040_3_23_4.png,habuent,habuerit,ita_old,Threshold,7,8,87.5%,No,
040_3_23_4.png,babuent,habuerit,ita_old,Deskewed,7,8,87.5%,No,
040_3_23_4.png,babuerit,habuerit,lat,Original_grayscale,8,8,100.0%,No,
040_3_23_4.png,babuerit,habuerit,lat,Threshold,8,8,100.0%,No,
040_3_23_4.png,babuent,habuerit,lat,Deskewed,7,8,87.5%,No,
040_3_05_7.png,los,illos,eng,Original_grayscale,3,5,60.0%,No,
040_3_05_7.png,os,illos,eng,Threshold,2,5,40.0%,No,
040_3_05_7.png,los,illos,eng,Deskewed,3,5,60.0%,No,
040_3_05_7.png,Wos,illos,enm,Original_grayscale,3,5,60.0%,No,
040_3_05_7.png,Wos,illos,enm,Threshold,3,5,60.0%,No,
040_3_05_7.png,illos,illos,enm,Deskewed,5,5,100.0%,Yes,
040_3_05_7.png,ullos,illos,ita,Original_grayscale,5,5,100.0%,No,
040_3_05_7.png,ullos,illos,ita,Threshold,5,5,100.0%,No,
040_3_05_7.png,uUlos,illos,ita,Deskewed,5,5,100.0%,No,
040_3_05_7.png,ulos,illos,ita_old,Original_grayscale,4,5,80.0%,No,
040_3_05_7.png,uLos,illos,ita_old,Threshold,4,5,80.0%,No,
040_3_05_7.png,uLos,illos,ita_old,Deskewed,4,5,80.0%,No,
040_3_05_7.png,ulos,illos,lat,Original_grayscale,4,5,80.0%,No,
040_3_05_7.png,ulos,illos,lat,Threshold,4,5,80.0%,No,
040_3_05_7.png,ulo,illos,lat,Deskewed,3,5,60.0%,No,
040_3_05_5.png,fi,si,eng,Original_grayscale,2,2,100.0%,No,
040_3_05_5.png,i,si,eng,Threshold,1,2,50.0%,No,
040_3_05_5.png,fi,si,eng,Deskewed,2,2,100.0%,No,
040_3_05_5.png,fi,si,enm,Original_grayscale,2,2,100.0%,No,
040_3_05_5.png,fi,si,enm,Threshold,2,2,100.0%,No,
040_3_05_5.png,fi,si,enm,Deskewed,2,2,100.0%,No,
040_3_05_5.png,fi,si,ita,Original_grayscale,2,2,100.0%,No,
040_3_05_5.png,fi,si,ita,Threshold,2,2,100.0%,No,
040_3_05_5.png,fi,si,ita,Deskewed,2,2,100.0%,No,
040_3_05_5.png,fi,si,ita_old,Original_grayscale,2,2,100.0%,No,
040_3_05_5.png,fi,si,ita_old,Threshold,2,2,100.0%,No,
040_3_05_5.png,li,si,ita_old,Deskewed,2,2,100.0%,No,
040_3_05_5.png,fi,si,lat,Original_grayscale,2,2,100.0%,No,
040_3_05_5.png,fi,si,lat,Threshold,2,2,100.0%,No,
040_3_05_5.png,fi,si,lat,Deskewed,2,2,100.0%,No,
040_3_21_4.png,vebet,debet,eng,Original_grayscale,5,5,100.0%,No,
040_3_21_4.png,bt,debet,eng,Threshold,2,5,40.0%,No,
040_3_21_4.png,webet,debet,eng,Deskewed,5,5,100.0%,No,
040_3_21_4.png,vebes,debet,enm,Original_grayscale,5,5,100.0%,No,
040_3_21_4.png,vebes,debet,enm,Threshold,5,5,100.0%,No,
040_3_21_4.png,vebes,debet,enm,Deskewed,5,5,100.0%,No,
040_3_21_4.png,vebec,debet,ita,Original_grayscale,5,5,100.0%,No,
040_3_21_4.png,vebeo,debet,ita,Threshold,5,5,100.0%,No,
040_3_21_4.png,vebeec,debet,ita,Deskewed,6,5,120.0%,No,
040_3_21_4.png,vebec,debet,ita_old,Original_grayscale,5,5,100.0%,No,
040_3_21_4.png,veber,debet,ita_old,Threshold,5,5,100.0%,No,
040_3_21_4.png,veber,debet,ita_old,Deskewed,5,5,100.0%,No,
040_3_21_4.png,wlixt,debet,lat,Original_grayscale,5,5,100.0%,No,
040_3_21_4.png,wlixt,debet,lat,Threshold,5,5,100.0%,No,
040_3_21_4.png,wbit,debet,lat,Deskewed,4,5,80.0%,No,
040_3_01_1.png,ut,ut,eng,Original_grayscale,2,2,100.0%,Yes,
040_3_01_1.png,ut,ut,eng,Threshold,2,2,100.0%,Yes,
040_3_01_1.png,ut,ut,eng,Deskewed,2,2,100.0%,Yes,
040_3_01_1.png,ut,ut,enm,Original_grayscale,2,2,100.0%,Yes,
040_3_01_1.png,ut,ut,enm,Threshold,2,2,100.0%,Yes,
040_3_01_1.png,ut,ut,enm,Deskewed,2,2,100.0%,Yes,
040_3_01_1.png,ue,ut,ita,Original_grayscale,2,2,100.0%,No,
040_3_01_1.png,uf,ut,ita,Threshold,2,2,100.0%,No,
040_3_01_1.png,ut,ut,ita,Deskewed,2,2,100.0%,Yes,
040_3_01_1.png,ut,ut,ita_old,Original_grayscale,2,2,100.0%,Yes,
040_3_01_1.png,ut,ut,ita_old,Threshold,2,2,100.0%,Yes,
040_3_01_1.png,ut,ut,ita_old,Deskewed,2,2,100.0%,Yes,
040_3_01_1.png,ut,ut,lat,Original_grayscale,2,2,100.0%,Yes,
040_3_01_1.png,ut,ut,lat,Threshold,2,2,100.0%,Yes,
040_3_01_1.png,ut,ut,lat,Deskewed,2,2,100.0%,Yes,
040_3_27_2.png,fupea,supra,eng,Original_grayscale,5,5,100.0%,No,
040_3_27_2.png,fupea,supra,eng,Threshold,5,5,100.0%,No,
040_3_27_2.png,fupea,supra,eng,Deskewed,5,5,100.0%,No,
040_3_27_2.png,upea,supra,enm,Original_grayscale,4,5,80.0%,No,
040_3_27_2.png,upea,supra,enm,Threshold,4,5,80.0%,No,
040_3_27_2.png,upea,supra,enm,Deskewed,4,5,80.0%,No,
040_3_27_2.png,fupa,supra,ita,Original_grayscale,4,5,80.0%,No,
040_3_27_2.png,fupea,supra,ita,Threshold,5,5,100.0%,No,
040_3_27_2.png,fupea,supra,ita,Deskewed,5,5,100.0%,No,
040_3_27_2.png,fupza,supra,ita_old,Original_grayscale,5,5,100.0%,No,
040_3_27_2.png,fupea,supra,ita_old,Threshold,5,5,100.0%,No,
040_3_27_2.png,fupoa,supra,ita_old,Deskewed,5,5,100.0%,No,
040_3_27_2.png,fupea,supra,lat,Original_grayscale,5,5,100.0%,No,
040_3_27_2.png,fupea,supra,lat,Threshold,5,5,100.0%,No,
040_3_27_2.png,fupea,supra,lat,Deskewed,5,5,100.0%,No,
040_3_03_2.png,ao,ad,eng,Original_grayscale,2,2,100.0%,No,
040_3_03_2.png,N,ad,eng,Threshold,1,2,50.0%,No,
040_3_03_2.png,o,ad,eng,Deskewed,1,2,50.0%,No,
040_3_03_2.png,av,ad,enm,Original_grayscale,2,2,100.0%,No,
040_3_03_2.png,ad,ad,enm,Threshold,2,2,100.0%,Yes,
040_3_03_2.png,ad,ad,enm,Deskewed,2,2,100.0%,Yes,
040_3_03_2.png,av,ad,ita,Original_grayscale,2,2,100.0%,No,
040_3_03_2.png,av,ad,ita,Threshold,2,2,100.0%,No,
040_3_03_2.png,dO,ad,ita,Deskewed,2,2,100.0%,No,
040_3_03_2.png,AV,ad,ita_old,Original_grayscale,2,2,100.0%,No,
040_3_03_2.png,AV,ad,ita_old,Threshold,2,2,100.0%,No,
040_3_03_2.png,Idv,ad,ita_old,Deskewed,3,2,150.0%,No,
040_3_03_2.png,qo,ad,lat,Original_grayscale,2,2,100.0%,No,
040_3_03_2.png,qo,ad,lat,Threshold,2,2,100.0%,No,
040_3_03_2.png,o,ad,lat,Deskewed,1,2,50.0%,No,
040_3_18_1.png,nem,nem,eng,Original_grayscale,3,3,100.0%,Yes,
040_3_18_1.png,nem,nem,eng,Threshold,3,3,100.0%,Yes,
040_3_18_1.png,nem,nem,eng,Deskewed,3,3,100.0%,Yes,
040_3_18_1.png,nem,nem,enm,Original_grayscale,3,3,100.0%,Yes,
040_3_18_1.png,nem,nem,enm,Threshold,3,3,100.0%,Yes,
040_3_18_1.png,nem,nem,enm,Deskewed,3,3,100.0%,Yes,
040_3_18_1.png,nem,nem,ita,Original_grayscale,3,3,100.0%,Yes,
040_3_18_1.png,em,nem,ita,Threshold,2,3,66.67%,No,
040_3_18_1.png,nem,nem,ita,Deskewed,3,3,100.0%,Yes,
040_3_18_1.png,nem,nem,ita_old,Original_grayscale,3,3,100.0%,Yes,
040_3_18_1.png,nem,nem,ita_old,Threshold,3,3,100.0%,Yes,
040_3_18_1.png,nem,nem,ita_old,Deskewed,3,3,100.0%,Yes,
040_3_18_1.png,qJem,nem,lat,Original_grayscale,4,3,133.33%,No,
040_3_18_1.png,nem,nem,lat,Threshold,3,3,100.0%,Yes,
040_3_18_1.png,nem,nem,lat,Deskewed,3,3,100.0%,Yes,
040_3_06_1.png,rtos,ratos,eng,Original_grayscale,4,5,80.0%,No,
040_3_06_1.png,s,ratos,eng,Threshold,1,5,20.0%,No,
040_3_06_1.png,e,ratos,eng,Deskewed,1,5,20.0%,No,
040_3_06_1.png,ratos,ratos,enm,Original_grayscale,5,5,100.0%,Yes,
040_3_06_1.png,ratos,ratos,enm,Threshold,5,5,100.0%,Yes,
040_3_06_1.png,rates,ratos,enm,Deskewed,5,5,100.0%,No,
040_3_06_1.png,ratos,ratos,ita,Original_grayscale,5,5,100.0%,Yes,
040_3_06_1.png,ratos,ratos,ita,Threshold,5,5,100.0%,Yes,
040_3_06_1.png,ratos,ratos,ita,Deskewed,5,5,100.0%,Yes,
040_3_06_1.png,ratos,ratos,ita_old,Original_grayscale,5,5,100.0%,Yes,
040_3_06_1.png,ratos,ratos,ita_old,Threshold,5,5,100.0%,Yes,
040_3_06_1.png,ratcs,ratos,ita_old,Deskewed,5,5,100.0%,No,
040_3_06_1.png,ratos,ratos,lat,Original_grayscale,5,5,100.0%,Yes,
040_3_06_1.png,ratoe,ratos,lat,Threshold,5,5,100.0%,No,
040_3_06_1.png,ratos,ratos,lat,Deskewed,5,5,100.0%,Yes,
040_3_20_2.png,boc,hoc,eng,Original_grayscale,3,3,100.0%,No,
040_3_20_2.png,b,hoc,eng,Threshold,1,3,33.33%,No,
040_3_20_2.png,boe,hoc,eng,Deskewed,3,3,100.0%,No,
040_3_20_2.png,hoe,hoc,enm,Original_grayscale,3,3,100.0%,No,
040_3_20_2.png,hoe,hoc,enm,Threshold,3,3,100.0%,No,
040_3_20_2.png,hoce,hoc,enm,Deskewed,4,3,133.33%,No,
040_3_20_2.png,bx,hoc,ita,Original_grayscale,2,3,66.67%,No,
040_3_20_2.png,boc,hoc,ita,Threshold,3,3,100.0%,No,
040_3_20_2.png,boc,hoc,ita,Deskewed,3,3,100.0%,No,
040_3_20_2.png,hoc,hoc,ita_old,Original_grayscale,3,3,100.0%,Yes,
040_3_20_2.png,hoc,hoc,ita_old,Threshold,3,3,100.0%,Yes,
040_3_20_2.png,hoc,hoc,ita_old,Deskewed,3,3,100.0%,Yes,
040_3_20_2.png,boc,hoc,lat,Original_grayscale,3,3,100.0%,No,
040_3_20_2.png,b,hoc,lat,Threshold,1,3,33.33%,No,
040_3_20_2.png,boc,hoc,lat,Deskewed,3,3,100.0%,No,
040_3_22_1.png,E,ibi,eng,Original_grayscale,1,3,33.33%,No,
040_3_22_1.png,o,ibi,eng,Threshold,1,3,33.33%,No,
040_3_22_1.png,o,ibi,eng,Deskewed,1,3,33.33%,No,
040_3_22_1.png,ib,ibi,enm,Original_grayscale,2,3,66.67%,No,
040_3_22_1.png,ibr,ibi,enm,Threshold,3,3,100.0%,No,
040_3_22_1.png,ibr,ibi,enm,Deskewed,3,3,100.0%,No,
040_3_22_1.png,b,ibi,ita,Original_grayscale,1,3,33.33%,No,
040_3_22_1.png,b,ibi,ita,Threshold,1,3,33.33%,No,
040_3_22_1.png,b,ibi,ita,Deskewed,1,3,33.33%,No,
040_3_22_1.png,ibi,ibi,ita_old,Original_grayscale,3,3,100.0%,Yes,
040_3_22_1.png,idbi,ibi,ita_old,Threshold,4,3,133.33%,No,
040_3_22_1.png,ii,ibi,ita_old,Deskewed,2,3,66.67%,No,
040_3_22_1.png,ib,ibi,lat,Original_grayscale,2,3,66.67%,No,
040_3_22_1.png,ib,ibi,lat,Threshold,2,3,66.67%,No,
040_3_22_1.png,ib,ibi,lat,Deskewed,2,3,66.67%,No,
040_3_04_2.png,o,illud,eng,Original_grayscale,1,5,20.0%,No,
040_3_04_2.png,o,illud,eng,Threshold,1,5,20.0%,No,
040_3_04_2.png,tlud,illud,eng,Deskewed,4,5,80.0%,No,
040_3_04_2.png,illud,illud,enm,Original_grayscale,5,5,100.0%,Yes,
040_3_04_2.png,illud,illud,enm,Threshold,5,5,100.0%,Yes,
040_3_04_2.png,illud,illud,enm,Deskewed,5,5,100.0%,Yes,
040_3_04_2.png,iulud,illud,ita,Original_grayscale,5,5,100.0%,No,
040_3_04_2.png,illud,illud,ita,Threshold,5,5,100.0%,Yes,
040_3_04_2.png,ilud,illud,ita,Deskewed,4,5,80.0%,No,
040_3_04_2.png,uluv,illud,ita_old,Original_grayscale,4,5,80.0%,No,
040_3_04_2.png,uluv,illud,ita_old,Threshold,4,5,80.0%,No,
040_3_04_2.png,uluv,illud,ita_old,Deskewed,4,5,80.0%,No,
040_3_04_2.png,uluo,illud,lat,Original_grayscale,4,5,80.0%,No,
040_3_04_2.png,ulluo,illud,lat,Threshold,5,5,100.0%,No,
040_3_04_2.png,illuo,illud,lat,Deskewed,5,5,100.0%,No,
040_3_20_3.png,webet,debet,eng,Original_grayscale,5,5,100.0%,No,
040_3_20_3.png,webet,debet,eng,Threshold,5,5,100.0%,No,
040_3_20_3.png,webet,debet,eng,Deskewed,5,5,100.0%,No,
040_3_20_3.png,vebet,debet,enm,Original_grayscale,5,5,100.0%,No,
040_3_20_3.png,wvebet,debet,enm,Threshold,6,5,120.0%,No,
040_3_20_3.png,wvebet,debet,enm,Deskewed,6,5,120.0%,No,
040_3_20_3.png,Vebet,debet,ita,Original_grayscale,5,5,100.0%,No,
040_3_20_3.png,Vebet,debet,ita,Threshold,5,5,100.0%,No,
040_3_20_3.png,uebet,debet,ita,Deskewed,5,5,100.0%,No,
040_3_20_3.png,Vebet,debet,ita_old,Original_grayscale,5,5,100.0%,No,
040_3_20_3.png,Vebet,debet,ita_old,Threshold,5,5,100.0%,No,
040_3_20_3.png,Vvebet,debet,ita_old,Deskewed,6,5,120.0%,No,
040_3_20_3.png,webet,debet,lat,Original_grayscale,5,5,100.0%,No,
040_3_20_3.png,vwebet,debet,lat,Threshold,6,5,120.0%,No,
040_3_20_3.png,wbet,debet,lat,Deskewed,4,5,80.0%,No,
040_3_06_2.png,woIces,iudices,eng,Original_grayscale,6,7,85.71%,No,
040_3_06_2.png,woIces,iudices,eng,Threshold,6,7,85.71%,No,
040_3_06_2.png,oIces,iudices,eng,Deskewed,5,7,71.43%,No,
040_3_06_2.png,wWPpIces,iudices,enm,Original_grayscale,8,7,114.29%,No,
040_3_06_2.png,wnces,iudices,enm,Threshold,5,7,71.43%,No,
040_3_06_2.png,wWnces,iudices,enm,Deskewed,6,7,85.71%,No,
040_3_06_2.png,UVICES,iudices,ita,Original_grayscale,6,7,85.71%,No,
040_3_06_2.png,UVICES,iudices,ita,Threshold,6,7,85.71%,No,
040_3_06_2.png,Uv,iudices,ita,Deskewed,2,7,28.57%,No,
040_3_06_2.png,WmOces,iudices,ita_old,Original_grayscale,6,7,85.71%,No,
040_3_06_2.png,WmoOces,iudices,ita_old,Threshold,7,7,100.0%,No,
040_3_06_2.png,uoOices,iudices,ita_old,Deskewed,7,7,100.0%,No,
040_3_06_2.png,us,iudices,lat,Original_grayscale,2,7,28.57%,No,
040_3_06_2.png,tu Is,iudices,lat,Threshold,5,7,71.43%,No,
040_3_06_2.png,uv cce,iudices,lat,Deskewed,6,7,85.71%,No,
040_3_22_3.png,i,si,eng,Original_grayscale,1,2,50.0%,No,
040_3_22_3.png,i,si,eng,Threshold,1,2,50.0%,No,
040_3_22_3.png,i,si,eng,Deskewed,1,2,50.0%,No,
040_3_22_3.png,fi,si,enm,Original_grayscale,2,2,100.0%,No,
040_3_22_3.png,fi,si,enm,Threshold,2,2,100.0%,No,
040_3_22_3.png,fi,si,enm,Deskewed,2,2,100.0%,No,
040_3_22_3.png,fi,si,ita,Original_grayscale,2,2,100.0%,No,
040_3_22_3.png,fi,si,ita,Threshold,2,2,100.0%,No,
040_3_22_3.png,fi,si,ita,Deskewed,2,2,100.0%,No,
040_3_22_3.png,fi,si,ita_old,Original_grayscale,2,2,100.0%,No,
040_3_22_3.png,fi,si,ita_old,Threshold,2,2,100.0%,No,
040_3_22_3.png,fi,si,ita_old,Deskewed,2,2,100.0%,No,
040_3_22_3.png,fi,si,lat,Original_grayscale,2,2,100.0%,No,
040_3_22_3.png,fi,si,lat,Threshold,2,2,100.0%,No,
040_3_22_3.png,f,si,lat,Deskewed,1,2,50.0%,No,
040_3_19_5.png,w,de,eng,Original_grayscale,1,2,50.0%,No,
040_3_19_5.png,wK,de,eng,Threshold,2,2,100.0%,No,
040_3_19_5.png,K,de,eng,Deskewed,1,2,50.0%,No,
040_3_19_5.png,wW,de,enm,Original_grayscale,2,2,100.0%,No,
040_3_19_5.png,wW,de,enm,Threshold,2,2,100.0%,No,
040_3_19_5.png,W,de,enm,Deskewed,1,2,50.0%,No,
040_3_19_5.png,w,de,ita,Original_grayscale,1,2,50.0%,No,
040_3_19_5.png,w,de,ita,Threshold,1,2,50.0%,No,
040_3_19_5.png,w,de,ita,Deskewed,1,2,50.0%,No,
040_3_19_5.png,W,de,ita_old,Original_grayscale,1,2,50.0%,No,
040_3_19_5.png,W,de,ita_old,Threshold,1,2,50.0%,No,
040_3_19_5.png,W,de,ita_old,Deskewed,1,2,50.0%,No,
040_3_19_5.png,XX,de,lat,Original_grayscale,2,2,100.0%,No,
040_3_19_5.png,XX,de,lat,Threshold,2,2,100.0%,No,
040_3_19_5.png,XX,de,lat,Deskewed,2,2,100.0%,No,
040_3_04_1.png,v,ad,eng,Original_grayscale,1,2,50.0%,No,
040_3_04_1.png,v,ad,eng,Threshold,1,2,50.0%,No,
040_3_04_1.png,o,ad,eng,Deskewed,1,2,50.0%,No,
040_3_04_1.png,av,ad,enm,Original_grayscale,2,2,100.0%,No,
040_3_04_1.png,av,ad,enm,Threshold,2,2,100.0%,No,
040_3_04_1.png,av,ad,enm,Deskewed,2,2,100.0%,No,
040_3_04_1.png,av,ad,ita,Original_grayscale,2,2,100.0%,No,
040_3_04_1.png,av,ad,ita,Threshold,2,2,100.0%,No,
040_3_04_1.png,dO,ad,ita,Deskewed,2,2,100.0%,No,
040_3_04_1.png,av,ad,ita_old,Original_grayscale,2,2,100.0%,No,
040_3_04_1.png,av,ad,ita_old,Threshold,2,2,100.0%,No,
040_3_04_1.png,IV,ad,ita_old,Deskewed,2,2,100.0%,No,
040_3_04_1.png,v,ad,lat,Original_grayscale,1,2,50.0%,No,
040_3_04_1.png,v,ad,lat,Threshold,1,2,50.0%,No,
040_3_04_1.png,JOo,ad,lat,Deskewed,3,2,150.0%,No,
040_3_02_3.png,o,ad,eng,Original_grayscale,1,2,50.0%,No,
040_3_02_3.png,J,ad,eng,Threshold,1,2,50.0%,No,
040_3_02_3.png,Jo,ad,eng,Deskewed,2,2,100.0%,No,
040_3_02_3.png,ap,ad,enm,Original_grayscale,2,2,100.0%,No,
040_3_02_3.png,aD,ad,enm,Threshold,2,2,100.0%,Yes,
040_3_02_3.png,JD,ad,enm,Deskewed,2,2,100.0%,No,
040_3_02_3.png,av,ad,ita,Original_grayscale,2,2,100.0%,No,
040_3_02_3.png,O,ad,ita,Threshold,1,2,50.0%,No,
040_3_02_3.png,JO,ad,ita,Deskewed,2,2,100.0%,No,
040_3_02_3.png,V,ad,ita_old,Original_grayscale,1,2,50.0%,No,
040_3_02_3.png,V,ad,ita_old,Threshold,1,2,50.0%,No,
040_3_02_3.png,V,ad,ita_old,Deskewed,1,2,50.0%,No,
040_3_02_3.png,Jo,ad,lat,Original_grayscale,2,2,100.0%,No,
040_3_02_3.png,Jo,ad,lat,Threshold,2,2,100.0%,No,
040_3_02_3.png,Jo,ad,lat,Deskewed,2,2,100.0%,No,
040_3_22_6.png,chelmo,Chelmo,eng,Original_grayscale,6,6,100.0%,Yes,
040_3_22_6.png,chelmo,Chelmo,eng,Threshold,6,6,100.0%,Yes,
040_3_22_6.png,chelmo,Chelmo,eng,Deskewed,6,6,100.0%,Yes,
040_3_22_6.png,chelmo,Chelmo,enm,Original_grayscale,6,6,100.0%,Yes,
040_3_22_6.png,chelmo,Chelmo,enm,Threshold,6,6,100.0%,Yes,
040_3_22_6.png,chelmo,Chelmo,enm,Deskewed,6,6,100.0%,Yes,
040_3_22_6.png,chelmo,Chelmo,ita,Original_grayscale,6,6,100.0%,Yes,
040_3_22_6.png,chelmo,Chelmo,ita,Threshold,6,6,100.0%,Yes,
040_3_22_6.png,chelmo,Chelmo,ita,Deskewed,6,6,100.0%,Yes,
040_3_22_6.png,chelmo,Chelmo,ita_old,Original_grayscale,6,6,100.0%,Yes,
040_3_22_6.png,chelmo,Chelmo,ita_old,Threshold,6,6,100.0%,Yes,
040_3_22_6.png,chelmo,Chelmo,ita_old,Deskewed,6,6,100.0%,Yes,
040_3_22_6.png,cbelmo,Chelmo,lat,Original_grayscale,6,6,100.0%,No,
040_3_22_6.png,cbelmo,Chelmo,lat,Threshold,6,6,100.0%,No,
040_3_22_6.png,cbelimo,Chelmo,lat,Deskewed,7,6,116.67%,No,
040_3_26_3.png,Jo,ad,eng,Original_grayscale,2,2,100.0%,No,
040_3_26_3.png,O,ad,eng,Threshold,1,2,50.0%,No,
040_3_26_3.png,Jo,ad,eng,Deskewed,2,2,100.0%,No,
040_3_26_3.png,ap,ad,enm,Original_grayscale,2,2,100.0%,No,
040_3_26_3.png,AVP,ad,enm,Threshold,3,2,150.0%,No,
040_3_26_3.png,D,ad,enm,Deskewed,1,2,50.0%,No,
040_3_26_3.png,av,ad,ita,Original_grayscale,2,2,100.0%,No,
040_3_26_3.png,re,ad,ita,Threshold,2,2,100.0%,No,
040_3_26_3.png,aO,ad,ita,Deskewed,2,2,100.0%,No,
040_3_26_3.png,AV,ad,ita_old,Original_grayscale,2,2,100.0%,No,
040_3_26_3.png,AV,ad,ita_old,Threshold,2,2,100.0%,No,
040_3_26_3.png,IO,ad,ita_old,Deskewed,2,2,100.0%,No,
040_3_26_3.png,dqo,ad,lat,Original_grayscale,3,2,150.0%,No,
040_3_26_3.png,do,ad,lat,Threshold,2,2,100.0%,No,
040_3_26_3.png,AO,ad,lat,Deskewed,2,2,100.0%,No,
040_3_02_2.png,fuennt,fuerint,eng,Original_grayscale,6,7,85.71%,No,
040_3_02_2.png,fuennt,fuerint,eng,Threshold,6,7,85.71%,No,
040_3_02_2.png,fuenint,fuerint,eng,Deskewed,7,7,100.0%,No,
040_3_02_2.png,fuernt,fuerint,enm,Original_grayscale,6,7,85.71%,No,
040_3_02_2.png,fuermet,fuerint,enm,Threshold,7,7,100.0%,No,
040_3_02_2.png,fuerint,fuerint,enm,Deskewed,7,7,100.0%,Yes,
040_3_02_2.png,fuerint,fuerint,ita,Original_grayscale,7,7,100.0%,Yes,
040_3_02_2.png,fuerint,fuerint,ita,Threshold,7,7,100.0%,Yes,
040_3_02_2.png,fuerint,fuerint,ita,Deskewed,7,7,100.0%,Yes,
040_3_02_2.png,fuerint,fuerint,ita_old,Original_grayscale,7,7,100.0%,Yes,
040_3_02_2.png,fuerint,fuerint,ita_old,Threshold,7,7,100.0%,Yes,
040_3_02_2.png,fuerint,fuerint,ita_old,Deskewed,7,7,100.0%,Yes,
040_3_02_2.png,fuerint,fuerint,lat,Original_grayscale,7,7,100.0%,Yes,
040_3_02_2.png,fuerint,fuerint,lat,Threshold,7,7,100.0%,Yes,
040_3_02_2.png,fucrint,fuerint,lat,Deskewed,7,7,100.0%,No,
040_3_06_4.png,fientt,fuerit,eng,Original_grayscale,6,6,100.0%,No,
040_3_06_4.png,filentt,fuerit,eng,Threshold,7,6,116.67%,No,
040_3_06_4.png,fuent,fuerit,eng,Deskewed,5,6,83.33%,No,
040_3_06_4.png,fiert,fuerit,enm,Original_grayscale,5,6,83.33%,No,
040_3_06_4.png,fiert,fuerit,enm,Threshold,5,6,83.33%,No,
040_3_06_4.png,fient,fuerit,enm,Deskewed,5,6,83.33%,No,
040_3_06_4.png,fiuert,fuerit,ita,Original_grayscale,6,6,100.0%,No,
040_3_06_4.png,fitent,fuerit,ita,Threshold,6,6,100.0%,No,
040_3_06_4.png,fiuertt,fuerit,ita,Deskewed,7,6,116.67%,No,
040_3_06_4.png,fuent,fuerit,ita_old,Original_grayscale,5,6,83.33%,No,
040_3_06_4.png,fuentt,fuerit,ita_old,Threshold,6,6,100.0%,No,
040_3_06_4.png,tuertt,fuerit,ita_old,Deskewed,6,6,100.0%,No,
040_3_06_4.png,fuent,fuerit,lat,Original_grayscale,5,6,83.33%,No,
040_3_06_4.png,fient,fuerit,lat,Threshold,5,6,83.33%,No,
040_3_06_4.png,fuent,fuerit,lat,Deskewed,5,6,83.33%,No,
040_3_22_5.png,w,de,eng,Original_grayscale,1,2,50.0%,No,
040_3_22_5.png,K,de,eng,Threshold,1,2,50.0%,No,
040_3_22_5.png,K,de,eng,Deskewed,1,2,50.0%,No,
040_3_22_5.png,Ve,de,enm,Original_grayscale,2,2,100.0%,No,
040_3_22_5.png,C,de,enm,Threshold,1,2,50.0%,No,
040_3_22_5.png,Te,de,enm,Deskewed,2,2,100.0%,No,
040_3_22_5.png,W,de,ita,Original_grayscale,1,2,50.0%,No,
040_3_22_5.png,Ve,de,ita,Threshold,2,2,100.0%,No,
040_3_22_5.png,W,de,ita,Deskewed,1,2,50.0%,No,
040_3_22_5.png,VE,de,ita_old,Original_grayscale,2,2,100.0%,No,
040_3_22_5.png,VC,de,ita_old,Threshold,2,2,100.0%,No,
040_3_22_5.png,VE,de,ita_old,Deskewed,2,2,100.0%,No,
040_3_22_5.png,Q,de,lat,Original_grayscale,1,2,50.0%,No,
040_3_22_5.png,X,de,lat,Threshold,1,2,50.0%,No,
040_3_22_5.png,e o,de,lat,Deskewed,3,2,150.0%,No,
040_3_19_3.png,fupa,supra,eng,Original_grayscale,4,5,80.0%,No,
040_3_19_3.png,fupa,supra,eng,Threshold,4,5,80.0%,No,
040_3_19_3.png,fupaa,supra,eng,Deskewed,5,5,100.0%,No,
040_3_19_3.png,fupza,supra,enm,Original_grayscale,5,5,100.0%,No,
040_3_19_3.png,fupza,supra,enm,Threshold,5,5,100.0%,No,
040_3_19_3.png,fupa,supra,enm,Deskewed,4,5,80.0%,No,
040_3_19_3.png,fupza,supra,ita,Original_grayscale,5,5,100.0%,No,
040_3_19_3.png,fupza,supra,ita,Threshold,5,5,100.0%,No,
040_3_19_3.png,fupza,supra,ita,Deskewed,5,5,100.0%,No,
040_3_19_3.png,fupza,supra,ita_old,Original_grayscale,5,5,100.0%,No,
040_3_19_3.png,fupza,supra,ita_old,Threshold,5,5,100.0%,No,
040_3_19_3.png,lupza,supra,ita_old,Deskewed,5,5,100.0%,No,
040_3_19_3.png,fupza,supra,lat,Original_grayscale,5,5,100.0%,No,
040_3_19_3.png,fupza,supra,lat,Threshold,5,5,100.0%,No,
040_3_19_3.png,fupza,supra,lat,Deskewed,5,5,100.0%,No,
040_3_19_2.png,uel,vel,eng,Original_grayscale,3,3,100.0%,No,
040_3_19_2.png,uel,vel,eng,Threshold,3,3,100.0%,No,
040_3_19_2.png,uel,vel,eng,Deskewed,3,3,100.0%,No,
040_3_19_2.png,uel,vel,enm,Original_grayscale,3,3,100.0%,No,
040_3_19_2.png,uel,vel,enm,Threshold,3,3,100.0%,No,
040_3_19_2.png,uel,vel,enm,Deskewed,3,3,100.0%,No,
040_3_19_2.png,uel,vel,ita,Original_grayscale,3,3,100.0%,No,
040_3_19_2.png,u,vel,ita,Threshold,1,3,33.33%,No,
040_3_19_2.png,ucl,vel,ita,Deskewed,3,3,100.0%,No,
040_3_19_2.png,ucl,vel,ita_old,Original_grayscale,3,3,100.0%,No,
040_3_19_2.png,uel,vel,ita_old,Threshold,3,3,100.0%,No,
040_3_19_2.png,ucl,vel,ita_old,Deskewed,3,3,100.0%,No,
040_3_19_2.png,ud,vel,lat,Original_grayscale,2,3,66.67%,No,
040_3_19_2.png,ud,vel,lat,Threshold,2,3,66.67%,No,
040_3_19_2.png,ucd,vel,lat,Deskewed,3,3,100.0%,No,
040_3_22_4.png,omes,comes,eng,Original_grayscale,4,5,80.0%,No,
040_3_22_4.png,omes,comes,eng,Threshold,4,5,80.0%,No,
040_3_22_4.png,omes,comes,eng,Deskewed,4,5,80.0%,No,
040_3_22_4.png,comes,comes,enm,Original_grayscale,5,5,100.0%,Yes,
040_3_22_4.png,comes,comes,enm,Threshold,5,5,100.0%,Yes,
040_3_22_4.png,comes,comes,enm,Deskewed,5,5,100.0%,Yes,
040_3_22_4.png,Vmnes,comes,ita,Original_grayscale,5,5,100.0%,No,
040_3_22_4.png,Vmnes,comes,ita,Threshold,5,5,100.0%,No,
040_3_22_4.png,cOmes,comes,ita,Deskewed,5,5,100.0%,Yes,
040_3_22_4.png,comes,comes,ita_old,Original_grayscale,5,5,100.0%,Yes,
040_3_22_4.png,comcs,comes,ita_old,Threshold,5,5,100.0%,No,
040_3_22_4.png,comcs,comes,ita_old,Deskewed,5,5,100.0%,No,
040_3_22_4.png,eomes,comes,lat,Original_grayscale,5,5,100.0%,No,
040_3_22_4.png,eomes,comes,lat,Threshold,5,5,100.0%,No,
040_3_22_4.png,eomes,comes,lat,Deskewed,5,5,100.0%,No,
040_3_02_1.png,uecat,vocati,eng,Original_grayscale,5,6,83.33%,No,
040_3_02_1.png,uwxat,vocati,eng,Threshold,5,6,83.33%,No,
040_3_02_1.png,uxan,vocati,eng,Deskewed,4,6,66.67%,No,
040_3_02_1.png,ucan,vocati,enm,Original_grayscale,4,6,66.67%,No,
040_3_02_1.png,ucan,vocati,enm,Threshold,4,6,66.67%,No,
040_3_02_1.png,ucan,vocati,enm,Deskewed,4,6,66.67%,No,
040_3_02_1.png,UNI,vocati,ita,Original_grayscale,3,6,50.0%,No,
040_3_02_1.png,UNI,vocati,ita,Threshold,3,6,50.0%,No,
040_3_02_1.png,UNI,vocati,ita,Deskewed,3,6,50.0%,No,
040_3_02_1.png,uocan,vocati,ita_old,Original_grayscale,5,6,83.33%,No,
040_3_02_1.png,uocan,vocati,ita_old,Threshold,5,6,83.33%,No,
040_3_02_1.png,UNan,vocati,ita_old,Deskewed,4,6,66.67%,No,
040_3_02_1.png,udacat,vocati,lat,Original_grayscale,6,6,100.0%,No,
040_3_02_1.png,uocat,vocati,lat,Threshold,5,6,83.33%,No,
040_3_02_1.png,ueau,vocati,lat,Deskewed,4,6,66.67%,No,
040_3_24_2.png,fupza,supra,eng,Original_grayscale,5,5,100.0%,No,
040_3_24_2.png,fupza,supra,eng,Threshold,5,5,100.0%,No,
040_3_24_2.png,fupea,supra,eng,Deskewed,5,5,100.0%,No,
040_3_24_2.png,upza,supra,enm,Original_grayscale,4,5,80.0%,No,
040_3_24_2.png,upza,supra,enm,Threshold,4,5,80.0%,No,
040_3_24_2.png,upea,supra,enm,Deskewed,4,5,80.0%,No,
040_3_24_2.png,fiupza,supra,ita,Original_grayscale,6,5,120.0%,No,
040_3_24_2.png,fupza,supra,ita,Threshold,5,5,100.0%,No,
040_3_24_2.png,fiupza,supra,ita,Deskewed,6,5,120.0%,No,
040_3_24_2.png,fupza,supra,ita_old,Original_grayscale,5,5,100.0%,No,
040_3_24_2.png,upza,supra,ita_old,Threshold,4,5,80.0%,No,
040_3_24_2.png,fupza,supra,ita_old,Deskewed,5,5,100.0%,No,
040_3_24_2.png,fupza,supra,lat,Original_grayscale,5,5,100.0%,No,
040_3_24_2.png,fupza,supra,lat,Threshold,5,5,100.0%,No,
040_3_24_2.png,fupza,supra,lat,Deskewed,5,5,100.0%,No,
040_3_13_4.png,pzo,pro,eng,Original_grayscale,3,3,100.0%,No,
040_3_13_4.png,pzo,pro,eng,Threshold,3,3,100.0%,No,
040_3_13_4.png,pzo,pro,eng,Deskewed,3,3,100.0%,No,
040_3_13_4.png,pzo j,pro,enm,Original_grayscale,5,3,166.67%,No,
040_3_13_4.png,pzo,pro,enm,Threshold,3,3,100.0%,No,
040_3_13_4.png,pzo,pro,enm,Deskewed,3,3,100.0%,No,
040_3_13_4.png,pzo,pro,ita,Original_grayscale,3,3,100.0%,No,
040_3_13_4.png,pzo,pro,ita,Threshold,3,3,100.0%,No,
040_3_13_4.png,pzo,pro,ita,Deskewed,3,3,100.0%,No,
040_3_13_4.png,pzo l,pro,ita_old,Original_grayscale,5,3,166.67%,No,
040_3_13_4.png,pzo l,pro,ita_old,Threshold,5,3,166.67%,No,
040_3_13_4.png,pzo l,pro,ita_old,Deskewed,5,3,166.67%,No,
040_3_13_4.png,on l,pro,lat,Original_grayscale,4,3,133.33%,No,
040_3_13_4.png,on w,pro,lat,Threshold,4,3,133.33%,No,
040_3_13_4.png,on W,pro,lat,Deskewed,4,3,133.33%,No,
040_3_28_2.png,x,de,eng,Original_grayscale,1,2,50.0%,No,
040_3_28_2.png,X,de,eng,Threshold,1,2,50.0%,No,
040_3_28_2.png,ko,de,eng,Deskewed,2,2,100.0%,No,
040_3_28_2.png,WwW,de,enm,Original_grayscale,3,2,150.0%,No,
040_3_28_2.png,ILe,de,enm,Threshold,3,2,150.0%,No,
040_3_28_2.png,Ie,de,enm,Deskewed,2,2,100.0%,No,
040_3_28_2.png,e,de,ita,Original_grayscale,1,2,50.0%,No,
040_3_28_2.png,e,de,ita,Threshold,1,2,50.0%,No,
040_3_28_2.png,Rx,de,ita,Deskewed,2,2,100.0%,No,
040_3_28_2.png,Ve,de,ita_old,Original_grayscale,2,2,100.0%,No,
040_3_28_2.png,Vve,de,ita_old,Threshold,3,2,150.0%,No,
040_3_28_2.png,w,de,ita_old,Deskewed,1,2,50.0%,No,
040_3_28_2.png,Lo d,de,lat,Original_grayscale,4,2,200.0%,No,
040_3_28_2.png,Ie d,de,lat,Threshold,4,2,200.0%,No,
040_3_28_2.png,Led,de,lat,Deskewed,3,2,150.0%,No,
040_3_15_2.png,ofculan,osculari,eng,Original_grayscale,7,8,87.5%,No,
040_3_15_2.png,ofculan,osculari,eng,Threshold,7,8,87.5%,No,
040_3_15_2.png,ofailan,osculari,eng,Deskewed,7,8,87.5%,No,
040_3_15_2.png,ofaulan,osculari,enm,Original_grayscale,7,8,87.5%,No,
040_3_15_2.png,ofaulan,osculari,enm,Threshold,7,8,87.5%,No,
040_3_15_2.png,ofailan,osculari,enm,Deskewed,7,8,87.5%,No,
040_3_15_2.png,ofautari,osculari,ita,Original_grayscale,8,8,100.0%,No,
040_3_15_2.png,ofauar,osculari,ita,Threshold,6,8,75.0%,No,
040_3_15_2.png,ofallari,osculari,ita,Deskewed,8,8,100.0%,No,
040_3_15_2.png,olcailan,osculari,ita_old,Original_grayscale,8,8,100.0%,No,
040_3_15_2.png,olaiani,osculari,ita_old,Threshold,7,8,87.5%,No,
040_3_15_2.png,olaulatri,osculari,ita_old,Deskewed,9,8,112.5%,No,
040_3_15_2.png,ofauan,osculari,lat,Original_grayscale,6,8,75.0%,No,
040_3_15_2.png,ofauam,osculari,lat,Threshold,6,8,75.0%,No,
040_3_15_2.png,ofaitan,osculari,lat,Deskewed,7,8,87.5%,No,
040_3_33_1.png,ragufiy,Ragusii,eng,Original_grayscale,7,7,100.0%,No,
040_3_33_1.png,ragufiy,Ragusii,eng,Threshold,7,7,100.0%,No,
040_3_33_1.png,ragufiy,Ragusii,eng,Deskewed,7,7,100.0%,No,
040_3_33_1.png,raguly,Ragusii,enm,Original_grayscale,6,7,85.71%,No,
040_3_33_1.png,ragufy,Ragusii,enm,Threshold,6,7,85.71%,No,
040_3_33_1.png,raguiy,Ragusii,enm,Deskewed,6,7,85.71%,No,
040_3_33_1.png,ragufi,Ragusii,ita,Original_grayscale,6,7,85.71%,No,
040_3_33_1.png,ragufi,Ragusii,ita,Threshold,6,7,85.71%,No,
040_3_33_1.png,ragufiy,Ragusii,ita,Deskewed,7,7,100.0%,No,
040_3_33_1.png,raguly,Ragusii,ita_old,Original_grayscale,6,7,85.71%,No,
040_3_33_1.png,raguly,Ragusii,ita_old,Threshold,6,7,85.71%,No,
040_3_33_1.png,raguly,Ragusii,ita_old,Deskewed,6,7,85.71%,No,
040_3_33_1.png,ragufi,Ragusii,lat,Original_grayscale,6,7,85.71%,No,
040_3_33_1.png,ragufi,Ragusii,lat,Threshold,6,7,85.71%,No,
040_3_33_1.png,ragufi,Ragusii,lat,Deskewed,6,7,85.71%,No,
040_3_31_3.png,X,de,eng,Original_grayscale,1,2,50.0%,No,
040_3_31_3.png,X,de,eng,Threshold,1,2,50.0%,No,
040_3_31_3.png,X,de,eng,Deskewed,1,2,50.0%,No,
040_3_31_3.png,W,de,enm,Original_grayscale,1,2,50.0%,No,
040_3_31_3.png,TC,de,enm,Threshold,2,2,100.0%,No,
040_3_31_3.png,w,de,enm,Deskewed,1,2,50.0%,No,
040_3_31_3.png,Ww,de,ita,Original_grayscale,2,2,100.0%,No,
040_3_31_3.png,T,de,ita,Threshold,1,2,50.0%,No,
040_3_31_3.png,Ww,de,ita,Deskewed,2,2,100.0%,No,
040_3_31_3.png,W,de,ita_old,Original_grayscale,1,2,50.0%,No,
040_3_31_3.png,W,de,ita_old,Threshold,1,2,50.0%,No,
040_3_31_3.png,W,de,ita_old,Deskewed,1,2,50.0%,No,
040_3_31_3.png,xX,de,lat,Original_grayscale,2,2,100.0%,No,
040_3_31_3.png,x,de,lat,Threshold,1,2,50.0%,No,
040_3_31_3.png,Id,de,lat,Deskewed,2,2,100.0%,No,
040_3_31_2.png,contis,comitis,eng,Original_grayscale,6,7,85.71%,No,
040_3_31_2.png,comitis,comitis,eng,Threshold,7,7,100.0%,Yes,
040_3_31_2.png,comitis,comitis,eng,Deskewed,7,7,100.0%,Yes,
040_3_31_2.png,comitis,comitis,enm,Original_grayscale,7,7,100.0%,Yes,
040_3_31_2.png,comitls,comitis,enm,Threshold,7,7,100.0%,No,
040_3_31_2.png,comitis,comitis,enm,Deskewed,7,7,100.0%,Yes,
040_3_31_2.png,conmutis,comitis,ita,Original_grayscale,8,7,114.29%,No,
040_3_31_2.png,comitis,comitis,ita,Threshold,7,7,100.0%,Yes,
040_3_31_2.png,comitis,comitis,ita,Deskewed,7,7,100.0%,Yes,
040_3_31_2.png,comunis,comitis,ita_old,Original_grayscale,7,7,100.0%,No,
040_3_31_2.png,comiunis,comitis,ita_old,Threshold,8,7,114.29%,No,
040_3_31_2.png,cominis,comitis,ita_old,Deskewed,7,7,100.0%,No,
040_3_31_2.png,eomitis,comitis,lat,Original_grayscale,7,7,100.0%,No,
040_3_31_2.png,eomits,comitis,lat,Threshold,6,7,85.71%,No,
040_3_31_2.png,comits,comitis,lat,Deskewed,6,7,85.71%,No,
040_3_17_1.png,buent,buerit,eng,Original_grayscale,5,6,83.33%,No,
040_3_17_1.png,buent,buerit,eng,Threshold,5,6,83.33%,No,
040_3_17_1.png,buent,buerit,eng,Deskewed,5,6,83.33%,No,
040_3_17_1.png,buertt,buerit,enm,Original_grayscale,6,6,100.0%,No,
040_3_17_1.png,buent,buerit,enm,Threshold,5,6,83.33%,No,
040_3_17_1.png,buent,buerit,enm,Deskewed,5,6,83.33%,No,
040_3_17_1.png,buent,buerit,ita,Original_grayscale,5,6,83.33%,No,
040_3_17_1.png,buent,buerit,ita,Threshold,5,6,83.33%,No,
040_3_17_1.png,buent,buerit,ita,Deskewed,5,6,83.33%,No,
040_3_17_1.png,buent,buerit,ita_old,Original_grayscale,5,6,83.33%,No,
040_3_17_1.png,buent,buerit,ita_old,Threshold,5,6,83.33%,No,
040_3_17_1.png,buent,buerit,ita_old,Deskewed,5,6,83.33%,No,
040_3_17_1.png,buent,buerit,lat,Original_grayscale,5,6,83.33%,No,
040_3_17_1.png,buent,buerit,lat,Threshold,5,6,83.33%,No,
040_3_17_1.png,buent,buerit,lat,Deskewed,5,6,83.33%,No,
040_3_15_3.png,cum,eum,eng,Original_grayscale,3,3,100.0%,No,
040_3_15_3.png,aum,eum,eng,Threshold,3,3,100.0%,No,
040_3_15_3.png,aum,eum,eng,Deskewed,3,3,100.0%,No,
040_3_15_3.png,cum,eum,enm,Original_grayscale,3,3,100.0%,No,
040_3_15_3.png,em,eum,enm,Threshold,2,3,66.67%,No,
040_3_15_3.png,cum,eum,enm,Deskewed,3,3,100.0%,No,
040_3_15_3.png,cum,eum,ita,Original_grayscale,3,3,100.0%,No,
040_3_15_3.png,ecum,eum,ita,Threshold,4,3,133.33%,No,
040_3_15_3.png,cum,eum,ita,Deskewed,3,3,100.0%,No,
040_3_15_3.png,cum,eum,ita_old,Original_grayscale,3,3,100.0%,No,
040_3_15_3.png,cun,eum,ita_old,Threshold,3,3,100.0%,No,
040_3_15_3.png,cum,eum,ita_old,Deskewed,3,3,100.0%,No,
040_3_15_3.png,eum,eum,lat,Original_grayscale,3,3,100.0%,Yes,
040_3_15_3.png,eum,eum,lat,Threshold,3,3,100.0%,Yes,
040_3_15_3.png,eum,eum,lat,Deskewed,3,3,100.0%,Yes,
040_3_28_3.png,chelmo,Chelmo,eng,Original_grayscale,6,6,100.0%,Yes,
040_3_28_3.png,chelmo,Chelmo,eng,Threshold,6,6,100.0%,Yes,
040_3_28_3.png,chelmo,Chelmo,eng,Deskewed,6,6,100.0%,Yes,
040_3_28_3.png,chelmo,Chelmo,enm,Original_grayscale,6,6,100.0%,Yes,
040_3_28_3.png,chelmo,Chelmo,enm,Threshold,6,6,100.0%,Yes,
040_3_28_3.png,chelmo,Chelmo,enm,Deskewed,6,6,100.0%,Yes,
040_3_28_3.png,chlmo,Chelmo,ita,Original_grayscale,5,6,83.33%,No,
040_3_28_3.png,chelmo,Chelmo,ita,Threshold,6,6,100.0%,Yes,
040_3_28_3.png,chelmo,Chelmo,ita,Deskewed,6,6,100.0%,Yes,
040_3_28_3.png,chelmo,Chelmo,ita_old,Original_grayscale,6,6,100.0%,Yes,
040_3_28_3.png,chelmo,Chelmo,ita_old,Threshold,6,6,100.0%,Yes,
040_3_28_3.png,chelmo,Chelmo,ita_old,Deskewed,6,6,100.0%,Yes,
040_3_28_3.png,chelmo,Chelmo,lat,Original_grayscale,6,6,100.0%,Yes,
040_3_28_3.png,chelmo,Chelmo,lat,Threshold,6,6,100.0%,Yes,
040_3_28_3.png,civimo,Chelmo,lat,Deskewed,6,6,100.0%,No,
040_3_13_5.png,quo,quo,eng,Original_grayscale,3,3,100.0%,Yes,
040_3_13_5.png,qQuo,quo,eng,Threshold,4,3,133.33%,No,
040_3_13_5.png,quo,quo,eng,Deskewed,3,3,100.0%,Yes,
040_3_13_5.png,quo,quo,enm,Original_grayscale,3,3,100.0%,Yes,
040_3_13_5.png,quo,quo,enm,Threshold,3,3,100.0%,Yes,
040_3_13_5.png,quo,quo,enm,Deskewed,3,3,100.0%,Yes,
040_3_13_5.png,quo,quo,ita,Original_grayscale,3,3,100.0%,Yes,
040_3_13_5.png,quo,quo,ita,Threshold,3,3,100.0%,Yes,
040_3_13_5.png,quo,quo,ita,Deskewed,3,3,100.0%,Yes,
040_3_13_5.png,quo,quo,ita_old,Original_grayscale,3,3,100.0%,Yes,
040_3_13_5.png,quo,quo,ita_old,Threshold,3,3,100.0%,Yes,
040_3_13_5.png,quo,quo,ita_old,Deskewed,3,3,100.0%,Yes,
040_3_13_5.png,que,quo,lat,Original_grayscale,3,3,100.0%,No,
040_3_13_5.png,quo,quo,lat,Threshold,3,3,100.0%,Yes,
040_3_13_5.png,quo,quo,lat,Deskewed,3,3,100.0%,Yes,
040_3_11_5.png,wirs,viris ,eng,Original_grayscale,4,6,66.67%,No,
040_3_11_5.png,uirs,viris ,eng,Threshold,4,6,66.67%,No,
040_3_11_5.png,uirs,viris ,eng,Deskewed,4,6,66.67%,No,
040_3_11_5.png,unrs,viris ,enm,Original_grayscale,4,6,66.67%,No,
040_3_11_5.png,urs,viris ,enm,Threshold,3,6,50.0%,No,
040_3_11_5.png,unrs,viris ,enm,Deskewed,4,6,66.67%,No,
040_3_11_5.png,rs,viris ,ita,Original_grayscale,2,6,33.33%,No,
040_3_11_5.png,rs,viris ,ita,Threshold,2,6,33.33%,No,
040_3_11_5.png,uirs,viris ,ita,Deskewed,4,6,66.67%,No,
040_3_11_5.png,wnris,viris ,ita_old,Original_grayscale,5,6,83.33%,No,
040_3_11_5.png,wtris,viris ,ita_old,Threshold,5,6,83.33%,No,
040_3_11_5.png,wris,viris ,ita_old,Deskewed,4,6,66.67%,No,
040_3_11_5.png,um,viris ,lat,Original_grayscale,2,6,33.33%,No,
040_3_11_5.png,us,viris ,lat,Threshold,2,6,33.33%,No,
040_3_11_5.png,uiri,viris ,lat,Deskewed,4,6,66.67%,No,
040_3_33_2.png,Ee,Et,eng,Original_grayscale,2,2,100.0%,No,
040_3_33_2.png,e,Et,eng,Threshold,1,2,50.0%,No,
040_3_33_2.png,ke,Et,eng,Deskewed,2,2,100.0%,No,
040_3_33_2.png,Ec,Et,enm,Original_grayscale,2,2,100.0%,No,
040_3_33_2.png,Kc,Et,enm,Threshold,2,2,100.0%,No,
040_3_33_2.png,Fc,Et,enm,Deskewed,2,2,100.0%,No,
040_3_33_2.png,e,Et,ita,Original_grayscale,1,2,50.0%,No,
040_3_33_2.png,e,Et,ita,Threshold,1,2,50.0%,No,
040_3_33_2.png,e,Et,ita,Deskewed,1,2,50.0%,No,
040_3_33_2.png,e,Et,ita_old,Original_grayscale,1,2,50.0%,No,
040_3_33_2.png,RKc,Et,ita_old,Threshold,3,2,150.0%,No,
040_3_33_2.png,Kc,Et,ita_old,Deskewed,2,2,100.0%,No,
040_3_33_2.png,ffc,Et,lat,Original_grayscale,3,2,150.0%,No,
040_3_33_2.png,p,Et,lat,Threshold,1,2,50.0%,No,
040_3_33_2.png,fee,Et,lat,Deskewed,3,2,150.0%,No,
040_3_15_1.png,elet,debet,eng,Original_grayscale,4,5,80.0%,No,
040_3_15_1.png,welet,debet,eng,Threshold,5,5,100.0%,No,
040_3_15_1.png,wehet,debet,eng,Deskewed,5,5,100.0%,No,
040_3_15_1.png,webet,debet,enm,Original_grayscale,5,5,100.0%,No,
040_3_15_1.png,webet,debet,enm,Threshold,5,5,100.0%,No,
040_3_15_1.png,wrbee,debet,enm,Deskewed,5,5,100.0%,No,
040_3_15_1.png,vebet,debet,ita,Original_grayscale,5,5,100.0%,No,
040_3_15_1.png,vebet,debet,ita,Threshold,5,5,100.0%,No,
040_3_15_1.png,Xebet,debet,ita,Deskewed,5,5,100.0%,No,
040_3_15_1.png,rebet,debet,ita_old,Original_grayscale,5,5,100.0%,No,
040_3_15_1.png,xebet,debet,ita_old,Threshold,5,5,100.0%,No,
040_3_15_1.png,xebet,debet,ita_old,Deskewed,5,5,100.0%,No,
040_3_15_1.png,xebct,debet,lat,Original_grayscale,5,5,100.0%,No,
040_3_15_1.png,xcbct,debet,lat,Threshold,5,5,100.0%,No,
040_3_15_1.png,ulbet,debet,lat,Deskewed,5,5,100.0%,No,
040_3_08_4.png,filtum,filium,eng,Original_grayscale,6,6,100.0%,No,
040_3_08_4.png,filtym,filium,eng,Threshold,6,6,100.0%,No,
040_3_08_4.png,filiym,filium,eng,Deskewed,6,6,100.0%,No,
040_3_08_4.png,filum,filium,enm,Original_grayscale,5,6,83.33%,No,
040_3_08_4.png,filum,filium,enm,Threshold,5,6,83.33%,No,
040_3_08_4.png,filum,filium,enm,Deskewed,5,6,83.33%,No,
040_3_08_4.png,filum,filium,ita,Original_grayscale,5,6,83.33%,No,
040_3_08_4.png,filuum,filium,ita,Threshold,6,6,100.0%,No,
040_3_08_4.png,fiuum,filium,ita,Deskewed,5,6,83.33%,No,
040_3_08_4.png,filuum,filium,ita_old,Original_grayscale,6,6,100.0%,No,
040_3_08_4.png,filuum,filium,ita_old,Threshold,6,6,100.0%,No,
040_3_08_4.png,filuum,filium,ita_old,Deskewed,6,6,100.0%,No,
040_3_08_4.png,filuum,filium,lat,Original_grayscale,6,6,100.0%,No,
040_3_08_4.png,filuuim,filium,lat,Threshold,7,6,116.67%,No,
040_3_08_4.png,filuim,filium,lat,Deskewed,6,6,100.0%,No,
040_3_17_3.png,querenvum,querendum,eng,Original_grayscale,9,9,100.0%,No,
040_3_17_3.png,querenvum,querendum,eng,Threshold,9,9,100.0%,No,
040_3_17_3.png,querenvum,querendum,eng,Deskewed,9,9,100.0%,No,
040_3_17_3.png,querenvum,querendum,enm,Original_grayscale,9,9,100.0%,No,
040_3_17_3.png,querenvum,querendum,enm,Threshold,9,9,100.0%,No,
040_3_17_3.png,querenvum,querendum,enm,Deskewed,9,9,100.0%,No,
040_3_17_3.png,querenvum,querendum,ita,Original_grayscale,9,9,100.0%,No,
040_3_17_3.png,querenvum,querendum,ita,Threshold,9,9,100.0%,No,
040_3_17_3.png,querenvum,querendum,ita,Deskewed,9,9,100.0%,No,
040_3_17_3.png,querenvum,querendum,ita_old,Original_grayscale,9,9,100.0%,No,
040_3_17_3.png,querenvum,querendum,ita_old,Threshold,9,9,100.0%,No,
040_3_17_3.png,querenvum,querendum,ita_old,Deskewed,9,9,100.0%,No,
040_3_17_3.png,querenoum,querendum,lat,Original_grayscale,9,9,100.0%,No,
040_3_17_3.png,querenoum,querendum,lat,Threshold,9,9,100.0%,No,
040_3_17_3.png,qucrenvum,querendum,lat,Deskewed,9,9,100.0%,No,
040_3_17_2.png,A,ad,eng,Original_grayscale,1,2,50.0%,No,
040_3_17_2.png,O,ad,eng,Threshold,1,2,50.0%,No,
040_3_17_2.png,o,ad,eng,Deskewed,1,2,50.0%,No,
040_3_17_2.png,aD,ad,enm,Original_grayscale,2,2,100.0%,Yes,
040_3_17_2.png,D,ad,enm,Threshold,1,2,50.0%,No,
040_3_17_2.png,ad,ad,enm,Deskewed,2,2,100.0%,Yes,
040_3_17_2.png,aT,ad,ita,Original_grayscale,2,2,100.0%,No,
040_3_17_2.png,av,ad,ita,Threshold,2,2,100.0%,No,
040_3_17_2.png,av,ad,ita,Deskewed,2,2,100.0%,No,
040_3_17_2.png,AO,ad,ita_old,Original_grayscale,2,2,100.0%,No,
040_3_17_2.png,AO,ad,ita_old,Threshold,2,2,100.0%,No,
040_3_17_2.png,ao,ad,ita_old,Deskewed,2,2,100.0%,No,
040_3_17_2.png,a,ad,lat,Original_grayscale,1,2,50.0%,No,
040_3_17_2.png,a,ad,lat,Threshold,1,2,50.0%,No,
040_3_17_2.png,ao,ad,lat,Deskewed,2,2,100.0%,No,
040_3_31_1.png,tum,tum,eng,Original_grayscale,3,3,100.0%,Yes,
040_3_31_1.png,tum,tum,eng,Threshold,3,3,100.0%,Yes,
040_3_31_1.png,tum,tum,eng,Deskewed,3,3,100.0%,Yes,
040_3_31_1.png,tum,tum,enm,Original_grayscale,3,3,100.0%,Yes,
040_3_31_1.png,eum,tum,enm,Threshold,3,3,100.0%,No,
040_3_31_1.png,tum,tum,enm,Deskewed,3,3,100.0%,Yes,
040_3_31_1.png,tum,tum,ita,Original_grayscale,3,3,100.0%,Yes,
040_3_31_1.png,tum,tum,ita,Threshold,3,3,100.0%,Yes,
040_3_31_1.png,tum,tum,ita,Deskewed,3,3,100.0%,Yes,
040_3_31_1.png,tum,tum,ita_old,Original_grayscale,3,3,100.0%,Yes,
040_3_31_1.png,tum,tum,ita_old,Threshold,3,3,100.0%,Yes,
040_3_31_1.png,tum,tum,ita_old,Deskewed,3,3,100.0%,Yes,
040_3_31_1.png,tum,tum,lat,Original_grayscale,3,3,100.0%,Yes,
040_3_31_1.png,tum,tum,lat,Threshold,3,3,100.0%,Yes,
040_3_31_1.png,tum,tum,lat,Deskewed,3,3,100.0%,Yes,
040_3_08_5.png,aut,aut,eng,Original_grayscale,3,3,100.0%,Yes,
040_3_08_5.png,aut,aut,eng,Threshold,3,3,100.0%,Yes,
040_3_08_5.png,aut,aut,eng,Deskewed,3,3,100.0%,Yes,
040_3_08_5.png,aut,aut,enm,Original_grayscale,3,3,100.0%,Yes,
040_3_08_5.png,aut,aut,enm,Threshold,3,3,100.0%,Yes,
040_3_08_5.png,aut,aut,enm,Deskewed,3,3,100.0%,Yes,
040_3_08_5.png,aut,aut,ita,Original_grayscale,3,3,100.0%,Yes,
040_3_08_5.png,aut,aut,ita,Threshold,3,3,100.0%,Yes,
040_3_08_5.png,Aut,aut,ita,Deskewed,3,3,100.0%,Yes,
040_3_08_5.png,aut,aut,ita_old,Original_grayscale,3,3,100.0%,Yes,
040_3_08_5.png,aut,aut,ita_old,Threshold,3,3,100.0%,Yes,
040_3_08_5.png,aut,aut,ita_old,Deskewed,3,3,100.0%,Yes,
040_3_08_5.png,aut,aut,lat,Original_grayscale,3,3,100.0%,Yes,
040_3_08_5.png,aut,aut,lat,Threshold,3,3,100.0%,Yes,
040_3_08_5.png,Aut,aut,lat,Deskewed,3,3,100.0%,Yes,
040_3_33_3.png,fi,si,eng,Original_grayscale,2,2,100.0%,No,
040_3_33_3.png,fi,si,eng,Threshold,2,2,100.0%,No,
040_3_33_3.png,fi,si,eng,Deskewed,2,2,100.0%,No,
040_3_33_3.png,f,si,enm,Original_grayscale,1,2,50.0%,No,
040_3_33_3.png,fi,si,enm,Threshold,2,2,100.0%,No,
040_3_33_3.png,fi,si,enm,Deskewed,2,2,100.0%,No,
040_3_33_3.png,fi,si,ita,Original_grayscale,2,2,100.0%,No,
040_3_33_3.png,fi,si,ita,Threshold,2,2,100.0%,No,
040_3_33_3.png,i,si,ita,Deskewed,1,2,50.0%,No,
040_3_33_3.png,fi,si,ita_old,Original_grayscale,2,2,100.0%,No,
040_3_33_3.png,fi,si,ita_old,Threshold,2,2,100.0%,No,
040_3_33_3.png,li,si,ita_old,Deskewed,2,2,100.0%,No,
040_3_33_3.png,fi,si,lat,Original_grayscale,2,2,100.0%,No,
040_3_33_3.png,fi,si,lat,Threshold,2,2,100.0%,No,
040_3_33_3.png,fi,si,lat,Deskewed,2,2,100.0%,No,
040_3_13_6.png,w,iu,eng,Original_grayscale,1,2,50.0%,No,
040_3_13_6.png,w,iu,eng,Threshold,1,2,50.0%,No,
040_3_13_6.png,w,iu,eng,Deskewed,1,2,50.0%,No,
040_3_13_6.png,Ww,iu,enm,Original_grayscale,2,2,100.0%,No,
040_3_13_6.png,UWa,iu,enm,Threshold,3,2,150.0%,No,
040_3_13_6.png,U,iu,enm,Deskewed,1,2,50.0%,No,
040_3_13_6.png,u,iu,ita,Original_grayscale,1,2,50.0%,No,
040_3_13_6.png,u,iu,ita,Threshold,1,2,50.0%,No,
040_3_13_6.png,u,iu,ita,Deskewed,1,2,50.0%,No,
040_3_13_6.png,u,iu,ita_old,Original_grayscale,1,2,50.0%,No,
040_3_13_6.png,u,iu,ita_old,Threshold,1,2,50.0%,No,
040_3_13_6.png,w,iu,ita_old,Deskewed,1,2,50.0%,No,
040_3_13_6.png,i,iu,lat,Original_grayscale,1,2,50.0%,No,
040_3_13_6.png,u,iu,lat,Threshold,1,2,50.0%,No,
040_3_13_6.png,u,iu,lat,Deskewed,1,2,50.0%,No,
040_3_13_2.png,PO,prope,eng,Original_grayscale,2,5,40.0%,No,
040_3_13_2.png,Mo,prope,eng,Threshold,2,5,40.0%,No,
040_3_13_2.png,pope,prope,eng,Deskewed,4,5,80.0%,No,
040_3_13_2.png,pzope,prope,enm,Original_grayscale,5,5,100.0%,No,
040_3_13_2.png,pzope,prope,enm,Threshold,5,5,100.0%,No,
040_3_13_2.png,pope,prope,enm,Deskewed,4,5,80.0%,No,
040_3_13_2.png,pzope,prope,ita,Original_grayscale,5,5,100.0%,No,
040_3_13_2.png,pzope,prope,ita,Threshold,5,5,100.0%,No,
040_3_13_2.png,pzope,prope,ita,Deskewed,5,5,100.0%,No,
040_3_13_2.png,pzope,prope,ita_old,Original_grayscale,5,5,100.0%,No,
040_3_13_2.png,pzopc,prope,ita_old,Threshold,5,5,100.0%,No,
040_3_13_2.png,pzopec,prope,ita_old,Deskewed,6,5,120.0%,No,
040_3_13_2.png,pzope,prope,lat,Original_grayscale,5,5,100.0%,No,
040_3_13_2.png,pzope,prope,lat,Threshold,5,5,100.0%,No,
040_3_13_2.png,pzopc,prope,lat,Deskewed,5,5,100.0%,No,
040_3_28_4.png,itud,istud,eng,Original_grayscale,4,5,80.0%,No,
040_3_28_4.png,ithud,istud,eng,Threshold,5,5,100.0%,No,
040_3_28_4.png,ittud,istud,eng,Deskewed,5,5,100.0%,No,
040_3_28_4.png,iftup,istud,enm,Original_grayscale,5,5,100.0%,No,
040_3_28_4.png,iftup,istud,enm,Threshold,5,5,100.0%,No,
040_3_28_4.png,iup,istud,enm,Deskewed,3,5,60.0%,No,
040_3_28_4.png,uv,istud,ita,Original_grayscale,2,5,40.0%,No,
040_3_28_4.png,ftuo,istud,ita,Threshold,4,5,80.0%,No,
040_3_28_4.png,uUtuv,istud,ita,Deskewed,5,5,100.0%,No,
040_3_28_4.png,tv,istud,ita_old,Original_grayscale,2,5,40.0%,No,
040_3_28_4.png,tv,istud,ita_old,Threshold,2,5,40.0%,No,
040_3_28_4.png,ituv,istud,ita_old,Deskewed,4,5,80.0%,No,
040_3_28_4.png,iftuo,istud,lat,Original_grayscale,5,5,100.0%,No,
040_3_28_4.png,if,istud,lat,Threshold,2,5,40.0%,No,
040_3_28_4.png,iftup,istud,lat,Deskewed,5,5,100.0%,No,
040_3_33_7.png,lg,Ra,eng,Original_grayscale,2,2,100.0%,No,
040_3_33_7.png,lg,Ra,eng,Threshold,2,2,100.0%,No,
040_3_33_7.png,L,Ra,eng,Deskewed,1,2,50.0%,No,
040_3_33_7.png,w,Ra,enm,Original_grayscale,1,2,50.0%,No,
040_3_33_7.png,w,Ra,enm,Threshold,1,2,50.0%,No,
040_3_33_7.png,mn,Ra,enm,Deskewed,2,2,100.0%,No,
040_3_33_7.png,lg,Ra,ita,Original_grayscale,2,2,100.0%,No,
040_3_33_7.png,lg,Ra,ita,Threshold,2,2,100.0%,No,
040_3_33_7.png,a,Ra,ita,Deskewed,1,2,50.0%,No,
040_3_33_7.png,tj,Ra,ita_old,Original_grayscale,2,2,100.0%,No,
040_3_33_7.png,tj,Ra,ita_old,Threshold,2,2,100.0%,No,
040_3_33_7.png,E,Ra,ita_old,Deskewed,1,2,50.0%,No,
040_3_33_7.png,lg,Ra,lat,Original_grayscale,2,2,100.0%,No,
040_3_33_7.png,lg,Ra,lat,Threshold,2,2,100.0%,No,
040_3_33_7.png,t,Ra,lat,Deskewed,1,2,50.0%,No,
040_3_15_4.png,o,ore,eng,Original_grayscale,1,3,33.33%,No,
040_3_15_4.png,o,ore,eng,Threshold,1,3,33.33%,No,
040_3_15_4.png,oC,ore,eng,Deskewed,2,3,66.67%,No,
040_3_15_4.png,MC,ore,enm,Original_grayscale,2,3,66.67%,No,
040_3_15_4.png,MC,ore,enm,Threshold,2,3,66.67%,No,
040_3_15_4.png,OC,ore,enm,Deskewed,2,3,66.67%,No,
040_3_15_4.png,QE,ore,ita,Original_grayscale,2,3,66.67%,No,
040_3_15_4.png,QE,ore,ita,Threshold,2,3,66.67%,No,
040_3_15_4.png,QE,ore,ita,Deskewed,2,3,66.67%,No,
040_3_15_4.png,MC,ore,ita_old,Original_grayscale,2,3,66.67%,No,
040_3_15_4.png,MC,ore,ita_old,Threshold,2,3,66.67%,No,
040_3_15_4.png,MC,ore,ita_old,Deskewed,2,3,66.67%,No,
040_3_15_4.png,ox,ore,lat,Original_grayscale,2,3,66.67%,No,
040_3_15_4.png,ox,ore,lat,Threshold,2,3,66.67%,No,
040_3_15_4.png,ox,ore,lat,Deskewed,2,3,66.67%,No,
040_3_31_4.png,chelmo,Chelmo,eng,Original_grayscale,6,6,100.0%,Yes,
040_3_31_4.png,chelmo,Chelmo,eng,Threshold,6,6,100.0%,Yes,
040_3_31_4.png,chedmo,Chelmo,eng,Deskewed,6,6,100.0%,No,
040_3_31_4.png,chelmo,Chelmo,enm,Original_grayscale,6,6,100.0%,Yes,
040_3_31_4.png,chelmo,Chelmo,enm,Threshold,6,6,100.0%,Yes,
040_3_31_4.png,chelmo,Chelmo,enm,Deskewed,6,6,100.0%,Yes,
040_3_31_4.png,chelmo,Chelmo,ita,Original_grayscale,6,6,100.0%,Yes,
040_3_31_4.png,chelmo,Chelmo,ita,Threshold,6,6,100.0%,Yes,
040_3_31_4.png,chelmo,Chelmo,ita,Deskewed,6,6,100.0%,Yes,
040_3_31_4.png,chelmo,Chelmo,ita_old,Original_grayscale,6,6,100.0%,Yes,
040_3_31_4.png,chelmo,Chelmo,ita_old,Threshold,6,6,100.0%,Yes,
040_3_31_4.png,chelmo,Chelmo,ita_old,Deskewed,6,6,100.0%,Yes,
040_3_31_4.png,ebelmo,Chelmo,lat,Original_grayscale,6,6,100.0%,No,
040_3_31_4.png,ebelmo,Chelmo,lat,Threshold,6,6,100.0%,No,
040_3_31_4.png,ebemo,Chelmo,lat,Deskewed,5,6,83.33%,No,
040_3_15_5.png,e,Et,eng,Original_grayscale,1,2,50.0%,No,
040_3_15_5.png,t,Et,eng,Threshold,1,2,50.0%,No,
040_3_15_5.png,e,Et,eng,Deskewed,1,2,50.0%,No,
040_3_15_5.png,Ec,Et,enm,Original_grayscale,2,2,100.0%,No,
040_3_15_5.png,Kc,Et,enm,Threshold,2,2,100.0%,No,
040_3_15_5.png,jKe,Et,enm,Deskewed,3,2,150.0%,No,
040_3_15_5.png,e,Et,ita,Original_grayscale,1,2,50.0%,No,
040_3_15_5.png,e,Et,ita,Threshold,1,2,50.0%,No,
040_3_15_5.png,E,Et,ita,Deskewed,1,2,50.0%,No,
040_3_15_5.png,c,Et,ita_old,Original_grayscale,1,2,50.0%,No,
040_3_15_5.png,c,Et,ita_old,Threshold,1,2,50.0%,No,
040_3_15_5.png,c,Et,ita_old,Deskewed,1,2,50.0%,No,
040_3_15_5.png,fc,Et,lat,Original_grayscale,2,2,100.0%,No,
040_3_15_5.png,fec,Et,lat,Threshold,3,2,150.0%,No,
040_3_15_5.png,f,Et,lat,Deskewed,1,2,50.0%,No,
040_3_13_3.png,dlum,illum,eng,Original_grayscale,4,5,80.0%,No,
040_3_13_3.png,lum,illum,eng,Threshold,3,5,60.0%,No,
040_3_13_3.png,tlum,illum,eng,Deskewed,4,5,80.0%,No,
040_3_13_3.png,ilum,illum,enm,Original_grayscale,4,5,80.0%,No,
040_3_13_3.png,iulum,illum,enm,Threshold,5,5,100.0%,No,
040_3_13_3.png,ulum,illum,enm,Deskewed,4,5,80.0%,No,
040_3_13_3.png,illum,illum,ita,Original_grayscale,5,5,100.0%,Yes,
040_3_13_3.png,illum,illum,ita,Threshold,5,5,100.0%,Yes,
040_3_13_3.png,iUllum,illum,ita,Deskewed,6,5,120.0%,No,
040_3_13_3.png,iUllum,illum,ita_old,Original_grayscale,6,5,120.0%,No,
040_3_13_3.png,iUlum,illum,ita_old,Threshold,5,5,100.0%,No,
040_3_13_3.png,Ulum,illum,ita_old,Deskewed,4,5,80.0%,No,
040_3_13_3.png,dlum,illum,lat,Original_grayscale,4,5,80.0%,No,
040_3_13_3.png,lum,illum,lat,Threshold,3,5,60.0%,No,
040_3_13_3.png,ulum,illum,lat,Deskewed,4,5,80.0%,No,
040_3_11_1.png,unum,unum,eng,Original_grayscale,4,4,100.0%,Yes,
040_3_11_1.png,unum,unum,eng,Threshold,4,4,100.0%,Yes,
040_3_11_1.png,annum,unum,eng,Deskewed,5,4,125.0%,No,
040_3_11_1.png,uUunim,unum,enm,Original_grayscale,6,4,150.0%,No,
040_3_11_1.png,Unum,unum,enm,Threshold,4,4,100.0%,Yes,
040_3_11_1.png,Unum,unum,enm,Deskewed,4,4,100.0%,Yes,
040_3_11_1.png,Unun,unum,ita,Original_grayscale,4,4,100.0%,No,
040_3_11_1.png,Uunun,unum,ita,Threshold,5,4,125.0%,No,
040_3_11_1.png,uUunun,unum,ita,Deskewed,6,4,150.0%,No,
040_3_11_1.png,unum,unum,ita_old,Original_grayscale,4,4,100.0%,Yes,
040_3_11_1.png,unum,unum,ita_old,Threshold,4,4,100.0%,Yes,
040_3_11_1.png,unum,unum,ita_old,Deskewed,4,4,100.0%,Yes,
040_3_11_1.png,untim,unum,lat,Original_grayscale,5,4,125.0%,No,
040_3_11_1.png,unum,unum,lat,Threshold,4,4,100.0%,Yes,
040_3_11_1.png,unum,unum,lat,Deskewed,4,4,100.0%,Yes,
040_3_11_3.png,fius,suis,eng,Original_grayscale,4,4,100.0%,No,
040_3_11_3.png,fius,suis,eng,Threshold,4,4,100.0%,No,
040_3_11_3.png,fius,suis,eng,Deskewed,4,4,100.0%,No,
040_3_11_3.png,lius,suis,enm,Original_grayscale,4,4,100.0%,No,
040_3_11_3.png,lius,suis,enm,Threshold,4,4,100.0%,No,
040_3_11_3.png,lius,suis,enm,Deskewed,4,4,100.0%,No,
040_3_11_3.png,fius,suis,ita,Original_grayscale,4,4,100.0%,No,
040_3_11_3.png,fius,suis,ita,Threshold,4,4,100.0%,No,
040_3_11_3.png,fius,suis,ita,Deskewed,4,4,100.0%,No,
040_3_11_3.png,lius,suis,ita_old,Original_grayscale,4,4,100.0%,No,
040_3_11_3.png,lius,suis,ita_old,Threshold,4,4,100.0%,No,
040_3_11_3.png,lius,suis,ita_old,Deskewed,4,4,100.0%,No,
040_3_11_3.png,fius,suis,lat,Original_grayscale,4,4,100.0%,No,
040_3_11_3.png,fius,suis,lat,Threshold,4,4,100.0%,No,
040_3_11_3.png,fius,suis,lat,Deskewed,4,4,100.0%,No,
040_3_13_1.png,frare,stare,eng,Original_grayscale,5,5,100.0%,No,
040_3_13_1.png,fhare,stare,eng,Threshold,5,5,100.0%,No,
040_3_13_1.png,fare,stare,eng,Deskewed,4,5,80.0%,No,
040_3_13_1.png,ftare,stare,enm,Original_grayscale,5,5,100.0%,No,
040_3_13_1.png,ftare,stare,enm,Threshold,5,5,100.0%,No,
040_3_13_1.png,fhre,stare,enm,Deskewed,4,5,80.0%,No,
040_3_13_1.png,ftare,stare,ita,Original_grayscale,5,5,100.0%,No,
040_3_13_1.png,ftare,stare,ita,Threshold,5,5,100.0%,No,
040_3_13_1.png,ftare,stare,ita,Deskewed,5,5,100.0%,No,
040_3_13_1.png,ftare,stare,ita_old,Original_grayscale,5,5,100.0%,No,
040_3_13_1.png,ftare,stare,ita_old,Threshold,5,5,100.0%,No,
040_3_13_1.png,tare,stare,ita_old,Deskewed,4,5,80.0%,No,
040_3_13_1.png,ftarc,stare,lat,Original_grayscale,5,5,100.0%,No,
040_3_13_1.png,ftarc,stare,lat,Threshold,5,5,100.0%,No,
040_3_13_1.png,ftare,stare,lat,Deskewed,5,5,100.0%,No,
040_3_08_2.png,av,ad,eng,Original_grayscale,2,2,100.0%,No,
040_3_08_2.png,av,ad,eng,Threshold,2,2,100.0%,No,
040_3_08_2.png,Jo,ad,eng,Deskewed,2,2,100.0%,No,
040_3_08_2.png,AaD,ad,enm,Original_grayscale,3,2,150.0%,No,
040_3_08_2.png,Aap,ad,enm,Threshold,3,2,150.0%,No,
040_3_08_2.png,D,ad,enm,Deskewed,1,2,50.0%,No,
040_3_08_2.png,av,ad,ita,Original_grayscale,2,2,100.0%,No,
040_3_08_2.png,av,ad,ita,Threshold,2,2,100.0%,No,
040_3_08_2.png,dO,ad,ita,Deskewed,2,2,100.0%,No,
040_3_08_2.png,av,ad,ita_old,Original_grayscale,2,2,100.0%,No,
040_3_08_2.png,av,ad,ita_old,Threshold,2,2,100.0%,No,
040_3_08_2.png,IO,ad,ita_old,Deskewed,2,2,100.0%,No,
040_3_08_2.png,Ere,ad,lat,Original_grayscale,3,2,150.0%,No,
040_3_08_2.png,ao,ad,lat,Threshold,2,2,100.0%,No,
040_3_08_2.png,Krej,ad,lat,Deskewed,4,2,200.0%,No,
040_3_17_4.png,rato,racio,eng,Original_grayscale,4,5,80.0%,No,
040_3_17_4.png,rato,racio,eng,Threshold,4,5,80.0%,No,
040_3_17_4.png,rato,racio,eng,Deskewed,4,5,80.0%,No,
040_3_17_4.png,ratio,racio,enm,Original_grayscale,5,5,100.0%,No,
040_3_17_4.png,racio,racio,enm,Threshold,5,5,100.0%,Yes,
040_3_17_4.png,racio,racio,enm,Deskewed,5,5,100.0%,Yes,
040_3_17_4.png,ratio,racio,ita,Original_grayscale,5,5,100.0%,No,
040_3_17_4.png,ratio,racio,ita,Threshold,5,5,100.0%,No,
040_3_17_4.png,ratio,racio,ita,Deskewed,5,5,100.0%,No,
040_3_17_4.png,ratio,racio,ita_old,Original_grayscale,5,5,100.0%,No,
040_3_17_4.png,ratio,racio,ita_old,Threshold,5,5,100.0%,No,
040_3_17_4.png,ratio,racio,ita_old,Deskewed,5,5,100.0%,No,
040_3_17_4.png,TAtio,racio,lat,Original_grayscale,5,5,100.0%,No,
040_3_17_4.png,Tatio,racio,lat,Threshold,5,5,100.0%,No,
040_3_17_4.png,TAtIO,racio,lat,Deskewed,5,5,100.0%,No,
040_3_08_3.png,s,eius,eng,Original_grayscale,1,4,25.0%,No,
040_3_08_3.png,s,eius,eng,Threshold,1,4,25.0%,No,
040_3_08_3.png,aug,eius,eng,Deskewed,3,4,75.0%,No,
040_3_08_3.png,clus,eius,enm,Original_grayscale,4,4,100.0%,No,
040_3_08_3.png,cus,eius,enm,Threshold,3,4,75.0%,No,
040_3_08_3.png,aus,eius,enm,Deskewed,3,4,75.0%,No,
040_3_08_3.png,Cus,eius,ita,Original_grayscale,3,4,75.0%,No,
040_3_08_3.png,US,eius,ita,Threshold,2,4,50.0%,No,
040_3_08_3.png,CUISE,eius,ita,Deskewed,5,4,125.0%,No,
040_3_08_3.png,Cus,eius,ita_old,Original_grayscale,3,4,75.0%,No,
040_3_08_3.png,Cus,eius,ita_old,Threshold,3,4,75.0%,No,
040_3_08_3.png,cus,eius,ita_old,Deskewed,3,4,75.0%,No,
040_3_08_3.png,eaus,eius,lat,Original_grayscale,4,4,100.0%,No,
040_3_08_3.png,eus,eius,lat,Threshold,3,4,75.0%,No,
040_3_08_3.png,eus,eius,lat,Deskewed,3,4,75.0%,No,
040_3_11_2.png,o,de,eng,Original_grayscale,1,2,50.0%,No,
040_3_11_2.png,o,de,eng,Threshold,1,2,50.0%,No,
040_3_11_2.png,X,de,eng,Deskewed,1,2,50.0%,No,
040_3_11_2.png,Ve,de,enm,Original_grayscale,2,2,100.0%,No,
040_3_11_2.png,Ve,de,enm,Threshold,2,2,100.0%,No,
040_3_11_2.png,Ve,de,enm,Deskewed,2,2,100.0%,No,
040_3_11_2.png,Ve,de,ita,Original_grayscale,2,2,100.0%,No,
040_3_11_2.png,Ve,de,ita,Threshold,2,2,100.0%,No,
040_3_11_2.png,Ve,de,ita,Deskewed,2,2,100.0%,No,
040_3_11_2.png,V,de,ita_old,Original_grayscale,1,2,50.0%,No,
040_3_11_2.png,V,de,ita_old,Threshold,1,2,50.0%,No,
040_3_11_2.png,VW,de,ita_old,Deskewed,2,2,100.0%,No,
040_3_11_2.png,x,de,lat,Original_grayscale,1,2,50.0%,No,
040_3_11_2.png,x,de,lat,Threshold,1,2,50.0%,No,
040_3_11_2.png,x,de,lat,Deskewed,1,2,50.0%,No,
040_3_14_1.png,rare,rare,eng,Original_grayscale,4,4,100.0%,Yes,
040_3_14_1.png,rare,rare,eng,Threshold,4,4,100.0%,Yes,
040_3_14_1.png,rarc,rare,eng,Deskewed,4,4,100.0%,No,
040_3_14_1.png,rare,rare,enm,Original_grayscale,4,4,100.0%,Yes,
040_3_14_1.png,rare,rare,enm,Threshold,4,4,100.0%,Yes,
040_3_14_1.png,rarc,rare,enm,Deskewed,4,4,100.0%,No,
040_3_14_1.png,rare,rare,ita,Original_grayscale,4,4,100.0%,Yes,
040_3_14_1.png,rare,rare,ita,Threshold,4,4,100.0%,Yes,
040_3_14_1.png,rare,rare,ita,Deskewed,4,4,100.0%,Yes,
040_3_14_1.png,rare,rare,ita_old,Original_grayscale,4,4,100.0%,Yes,
040_3_14_1.png,rare,rare,ita_old,Threshold,4,4,100.0%,Yes,
040_3_14_1.png,rarc,rare,ita_old,Deskewed,4,4,100.0%,No,
040_3_14_1.png,rauc,rare,lat,Original_grayscale,4,4,100.0%,No,
040_3_14_1.png,ramc,rare,lat,Threshold,4,4,100.0%,No,
040_3_14_1.png,raic,rare,lat,Deskewed,4,4,100.0%,No,
040_3_34_4.png,w,de,eng,Original_grayscale,1,2,50.0%,No,
040_3_34_4.png,w,de,eng,Threshold,1,2,50.0%,No,
040_3_34_4.png,e,de,eng,Deskewed,1,2,50.0%,No,
040_3_34_4.png,w,de,enm,Original_grayscale,1,2,50.0%,No,
040_3_34_4.png,V,de,enm,Threshold,1,2,50.0%,No,
040_3_34_4.png,IW,de,enm,Deskewed,2,2,100.0%,No,
040_3_34_4.png,Ww,de,ita,Original_grayscale,2,2,100.0%,No,
040_3_34_4.png,W,de,ita,Threshold,1,2,50.0%,No,
040_3_34_4.png,w,de,ita,Deskewed,1,2,50.0%,No,
040_3_34_4.png,VE,de,ita_old,Original_grayscale,2,2,100.0%,No,
040_3_34_4.png,VE,de,ita_old,Threshold,2,2,100.0%,No,
040_3_34_4.png,W,de,ita_old,Deskewed,1,2,50.0%,No,
040_3_34_4.png,XX,de,lat,Original_grayscale,2,2,100.0%,No,
040_3_34_4.png,Xx,de,lat,Threshold,2,2,100.0%,No,
040_3_34_4.png,u,de,lat,Deskewed,1,2,50.0%,No,
040_3_29_1.png,bet,bet,eng,Original_grayscale,3,3,100.0%,Yes,
040_3_29_1.png,bet,bet,eng,Threshold,3,3,100.0%,Yes,
040_3_29_1.png,bet,bet,eng,Deskewed,3,3,100.0%,Yes,
040_3_29_1.png,bet,bet,enm,Original_grayscale,3,3,100.0%,Yes,
040_3_29_1.png,bet,bet,enm,Threshold,3,3,100.0%,Yes,
040_3_29_1.png,bet,bet,enm,Deskewed,3,3,100.0%,Yes,
040_3_29_1.png,bet,bet,ita,Original_grayscale,3,3,100.0%,Yes,
040_3_29_1.png,bet,bet,ita,Threshold,3,3,100.0%,Yes,
040_3_29_1.png,bet,bet,ita,Deskewed,3,3,100.0%,Yes,
040_3_29_1.png,bet,bet,ita_old,Original_grayscale,3,3,100.0%,Yes,
040_3_29_1.png,bet,bet,ita_old,Threshold,3,3,100.0%,Yes,
040_3_29_1.png,bet,bet,ita_old,Deskewed,3,3,100.0%,Yes,
040_3_29_1.png,bet,bet,lat,Original_grayscale,3,3,100.0%,Yes,
040_3_29_1.png,bet,bet,lat,Threshold,3,3,100.0%,Yes,
040_3_29_1.png,bet,bet,lat,Deskewed,3,3,100.0%,Yes,
040_3_10_5.png,faqat,faciat,eng,Original_grayscale,5,6,83.33%,No,
040_3_10_5.png,faqat,faciat,eng,Threshold,5,6,83.33%,No,
040_3_10_5.png,faqat,faciat,eng,Deskewed,5,6,83.33%,No,
040_3_10_5.png,tagat,faciat,enm,Original_grayscale,5,6,83.33%,No,
040_3_10_5.png,tagat,faciat,enm,Threshold,5,6,83.33%,No,
040_3_10_5.png,fagat,faciat,enm,Deskewed,5,6,83.33%,No,
040_3_10_5.png,fagat,faciat,ita,Original_grayscale,5,6,83.33%,No,
040_3_10_5.png,fagat,faciat,ita,Threshold,5,6,83.33%,No,
040_3_10_5.png,faaat,faciat,ita,Deskewed,5,6,83.33%,No,
040_3_10_5.png,taaat,faciat,ita_old,Original_grayscale,5,6,83.33%,No,
040_3_10_5.png,faaat,faciat,ita_old,Threshold,5,6,83.33%,No,
040_3_10_5.png,taaat,faciat,ita_old,Deskewed,5,6,83.33%,No,
040_3_10_5.png,faqat,faciat,lat,Original_grayscale,5,6,83.33%,No,
040_3_10_5.png,fadat,faciat,lat,Threshold,5,6,83.33%,No,
040_3_10_5.png,faqat,faciat,lat,Deskewed,5,6,83.33%,No,
040_3_34_5.png,chelmo,Chelmo,eng,Original_grayscale,6,6,100.0%,Yes,
040_3_34_5.png,chelmo,Chelmo,eng,Threshold,6,6,100.0%,Yes,
040_3_34_5.png,chdmo,Chelmo,eng,Deskewed,5,6,83.33%,No,
040_3_34_5.png,chelmo,Chelmo,enm,Original_grayscale,6,6,100.0%,Yes,
040_3_34_5.png,chelmo,Chelmo,enm,Threshold,6,6,100.0%,Yes,
040_3_34_5.png,chelmo,Chelmo,enm,Deskewed,6,6,100.0%,Yes,
040_3_34_5.png,chelmo,Chelmo,ita,Original_grayscale,6,6,100.0%,Yes,
040_3_34_5.png,chelmo,Chelmo,ita,Threshold,6,6,100.0%,Yes,
040_3_34_5.png,chelmo,Chelmo,ita,Deskewed,6,6,100.0%,Yes,
040_3_34_5.png,chelmo,Chelmo,ita_old,Original_grayscale,6,6,100.0%,Yes,
040_3_34_5.png,chelmo,Chelmo,ita_old,Threshold,6,6,100.0%,Yes,
040_3_34_5.png,chelmo,Chelmo,ita_old,Deskewed,6,6,100.0%,Yes,
040_3_34_5.png,cbeimo,Chelmo,lat,Original_grayscale,6,6,100.0%,No,
040_3_34_5.png,cbdimo,Chelmo,lat,Threshold,6,6,100.0%,No,
040_3_34_5.png,chbelmo,Chelmo,lat,Deskewed,7,6,116.67%,No,
040_3_09_5.png,WwocItum,iudicatum,eng,Original_grayscale,8,9,88.89%,No,
040_3_09_5.png,WocItum,iudicatum,eng,Threshold,7,9,77.78%,No,
040_3_09_5.png,woicatum,iudicatum,eng,Deskewed,8,9,88.89%,No,
040_3_09_5.png,upicatum,iudicatum,enm,Original_grayscale,8,9,88.89%,No,
040_3_09_5.png,upicatum,iudicatum,enm,Threshold,8,9,88.89%,No,
040_3_09_5.png,Wpcaatum,iudicatum,enm,Deskewed,8,9,88.89%,No,
040_3_09_5.png,WuvPICatum,iudicatum,ita,Original_grayscale,10,9,111.11%,No,
040_3_09_5.png,Wa,iudicatum,ita,Threshold,2,9,22.22%,No,
040_3_09_5.png,uwuMcatum,iudicatum,ita,Deskewed,9,9,100.0%,No,
040_3_09_5.png,wvcatum,iudicatum,ita_old,Original_grayscale,7,9,77.78%,No,
040_3_09_5.png,wvcatum,iudicatum,ita_old,Threshold,7,9,77.78%,No,
040_3_09_5.png,umncanum,iudicatum,ita_old,Deskewed,8,9,88.89%,No,
040_3_09_5.png,uroicitum,iudicatum,lat,Original_grayscale,9,9,100.0%,No,
040_3_09_5.png,urpicatum,iudicatum,lat,Threshold,9,9,100.0%,No,
040_3_09_5.png,uroricacaum,iudicatum,lat,Deskewed,11,9,122.22%,No,
040_3_32_3.png,comias,comitis,eng,Original_grayscale,6,7,85.71%,No,
040_3_32_3.png,omias,comitis,eng,Threshold,5,7,71.43%,No,
040_3_32_3.png,omias,comitis,eng,Deskewed,5,7,71.43%,No,
040_3_32_3.png,comins,comitis,enm,Original_grayscale,6,7,85.71%,No,
040_3_32_3.png,comias,comitis,enm,Threshold,6,7,85.71%,No,
040_3_32_3.png,comins,comitis,enm,Deskewed,6,7,85.71%,No,
040_3_32_3.png,conuas,comitis,ita,Original_grayscale,6,7,85.71%,No,
040_3_32_3.png,comins,comitis,ita,Threshold,6,7,85.71%,No,
040_3_32_3.png,comus,comitis,ita,Deskewed,5,7,71.43%,No,
040_3_32_3.png,cominsgs,comitis,ita_old,Original_grayscale,8,7,114.29%,No,
040_3_32_3.png,comins,comitis,ita_old,Threshold,6,7,85.71%,No,
040_3_32_3.png,cominus,comitis,ita_old,Deskewed,7,7,100.0%,No,
040_3_32_3.png,comitis,comitis,lat,Original_grayscale,7,7,100.0%,Yes,
040_3_32_3.png,comitis,comitis,lat,Threshold,7,7,100.0%,Yes,
040_3_32_3.png,ceomitis,comitis,lat,Deskewed,8,7,114.29%,No,
040_3_16_2.png,OMcs,comes,eng,Original_grayscale,4,5,80.0%,No,
040_3_16_2.png,cons,comes,eng,Threshold,4,5,80.0%,No,
040_3_16_2.png,conKs,comes,eng,Deskewed,5,5,100.0%,No,
040_3_16_2.png,comes,comes,enm,Original_grayscale,5,5,100.0%,Yes,
040_3_16_2.png,comes,comes,enm,Threshold,5,5,100.0%,Yes,
040_3_16_2.png,comes,comes,enm,Deskewed,5,5,100.0%,Yes,
040_3_16_2.png,conecs,comes,ita,Original_grayscale,6,5,120.0%,No,
040_3_16_2.png,coOmes,comes,ita,Threshold,6,5,120.0%,No,
040_3_16_2.png,coOnmes,comes,ita,Deskewed,7,5,140.0%,No,
040_3_16_2.png,comecs,comes,ita_old,Original_grayscale,6,5,120.0%,No,
040_3_16_2.png,comcs,comes,ita_old,Threshold,5,5,100.0%,No,
040_3_16_2.png,comcs,comes,ita_old,Deskewed,5,5,100.0%,No,
040_3_16_2.png,eomecs,comes,lat,Original_grayscale,6,5,120.0%,No,
040_3_16_2.png,eomes,comes,lat,Threshold,5,5,100.0%,No,
040_3_16_2.png,comese,comes,lat,Deskewed,6,5,120.0%,No,
040_3_05_8.png,u,iu,eng,Original_grayscale,1,2,50.0%,No,
040_3_05_8.png,w,iu,eng,Threshold,1,2,50.0%,No,
040_3_05_8.png,w,iu,eng,Deskewed,1,2,50.0%,No,
040_3_05_8.png,ua,iu,enm,Original_grayscale,2,2,100.0%,No,
040_3_05_8.png,ua,iu,enm,Threshold,2,2,100.0%,No,
040_3_05_8.png,a,iu,enm,Deskewed,1,2,50.0%,No,
040_3_05_8.png,u,iu,ita,Original_grayscale,1,2,50.0%,No,
040_3_05_8.png,u,iu,ita,Threshold,1,2,50.0%,No,
040_3_05_8.png,u,iu,ita,Deskewed,1,2,50.0%,No,
040_3_05_8.png,ui,iu,ita_old,Original_grayscale,2,2,100.0%,No,
040_3_05_8.png,u,iu,ita_old,Threshold,1,2,50.0%,No,
040_3_05_8.png,ui,iu,ita_old,Deskewed,2,2,100.0%,No,
040_3_05_8.png,ut,iu,lat,Original_grayscale,2,2,100.0%,No,
040_3_05_8.png,ut,iu,lat,Threshold,2,2,100.0%,No,
040_3_05_8.png,ut,iu,lat,Deskewed,2,2,100.0%,No,
040_3_30_1.png,plaatetur,placitetur,eng,Original_grayscale,9,10,90.0%,No,
040_3_30_1.png,plaatetur,placitetur,eng,Threshold,9,10,90.0%,No,
040_3_30_1.png,plaatttur,placitetur,eng,Deskewed,9,10,90.0%,No,
040_3_30_1.png,plaaterur,placitetur,enm,Original_grayscale,9,10,90.0%,No,
040_3_30_1.png,plaatetur,placitetur,enm,Threshold,9,10,90.0%,No,
040_3_30_1.png,plaatuur,placitetur,enm,Deskewed,8,10,80.0%,No,
040_3_30_1.png,plaatetur,placitetur,ita,Original_grayscale,9,10,90.0%,No,
040_3_30_1.png,plaatetur,placitetur,ita,Threshold,9,10,90.0%,No,
040_3_30_1.png,leatttur,placitetur,ita,Deskewed,8,10,80.0%,No,
040_3_30_1.png,piaatetur,placitetur,ita_old,Original_grayscale,9,10,90.0%,No,
040_3_30_1.png,piaatetur,placitetur,ita_old,Threshold,9,10,90.0%,No,
040_3_30_1.png,plaawmr,placitetur,ita_old,Deskewed,7,10,70.0%,No,
040_3_30_1.png,plaatctur,placitetur,lat,Original_grayscale,9,10,90.0%,No,
040_3_30_1.png,plaatctur,placitetur,lat,Threshold,9,10,90.0%,No,
040_3_30_1.png,plaatttur,placitetur,lat,Deskewed,9,10,90.0%,No,
040_3_30_3.png,fit r,sit,eng,Original_grayscale,5,3,166.67%,No,
040_3_30_3.png,fit r,sit,eng,Threshold,5,3,166.67%,No,
040_3_30_3.png,fit,sit,eng,Deskewed,3,3,100.0%,No,
040_3_30_3.png,fif,sit,enm,Original_grayscale,3,3,100.0%,No,
040_3_30_3.png,fif,sit,enm,Threshold,3,3,100.0%,No,
040_3_30_3.png,fir,sit,enm,Deskewed,3,3,100.0%,No,
040_3_30_3.png,fit V,sit,ita,Original_grayscale,5,3,166.67%,No,
040_3_30_3.png,fit V,sit,ita,Threshold,5,3,166.67%,No,
040_3_30_3.png,fit,sit,ita,Deskewed,3,3,100.0%,No,
040_3_30_3.png,fif l,sit,ita_old,Original_grayscale,5,3,166.67%,No,
040_3_30_3.png,fif l,sit,ita_old,Threshold,5,3,166.67%,No,
040_3_30_3.png,fit,sit,ita_old,Deskewed,3,3,100.0%,No,
040_3_30_3.png,fif V,sit,lat,Original_grayscale,5,3,166.67%,No,
040_3_30_3.png,fif V,sit,lat,Threshold,5,3,166.67%,No,
040_3_30_3.png,fit,sit,lat,Deskewed,3,3,100.0%,No,
040_3_14_2.png,Vwi o f,debet,eng,Original_grayscale,7,5,140.0%,No,
040_3_14_2.png,Vwi,debet,eng,Threshold,3,5,60.0%,No,
040_3_14_2.png,oy,debet,eng,Deskewed,2,5,40.0%,No,
040_3_14_2.png,Wn,debet,enm,Original_grayscale,2,5,40.0%,No,
040_3_14_2.png,Wn,debet,enm,Threshold,2,5,40.0%,No,
040_3_14_2.png,Y,debet,enm,Deskewed,1,5,20.0%,No,
040_3_14_2.png,vWi,debet,ita,Original_grayscale,3,5,60.0%,No,
040_3_14_2.png,vWi D,debet,ita,Threshold,5,5,100.0%,No,
040_3_14_2.png,e,debet,ita,Deskewed,1,5,20.0%,No,
040_3_14_2.png,uWn p j,debet,ita_old,Original_grayscale,7,5,140.0%,No,
040_3_14_2.png,uWn p,debet,ita_old,Threshold,5,5,100.0%,No,
040_3_14_2.png,L,debet,ita_old,Deskewed,1,5,20.0%,No,
040_3_14_2.png,Wn j,debet,lat,Original_grayscale,4,5,80.0%,No,
040_3_14_2.png,Wn,debet,lat,Threshold,2,5,40.0%,No,
040_3_14_2.png,A a,debet,lat,Deskewed,3,5,60.0%,No,
040_3_32_1.png,ebet,debet,eng,Original_grayscale,4,5,80.0%,No,
040_3_32_1.png,webet,debet,eng,Threshold,5,5,100.0%,No,
040_3_32_1.png,webet,debet,eng,Deskewed,5,5,100.0%,No,
040_3_32_1.png,vebet,debet,enm,Original_grayscale,5,5,100.0%,No,
040_3_32_1.png,weber,debet,enm,Threshold,5,5,100.0%,No,
040_3_32_1.png,vebet,debet,enm,Deskewed,5,5,100.0%,No,
040_3_32_1.png,vebet,debet,ita,Original_grayscale,5,5,100.0%,No,
040_3_32_1.png,vebet,debet,ita,Threshold,5,5,100.0%,No,
040_3_32_1.png,vebet,debet,ita,Deskewed,5,5,100.0%,No,
040_3_32_1.png,Vvebet,debet,ita_old,Original_grayscale,6,5,120.0%,No,
040_3_32_1.png,vebet,debet,ita_old,Threshold,5,5,100.0%,No,
040_3_32_1.png,Vebet,debet,ita_old,Deskewed,5,5,100.0%,No,
040_3_32_1.png,xxlxt,debet,lat,Original_grayscale,5,5,100.0%,No,
040_3_32_1.png,xxlxt,debet,lat,Threshold,5,5,100.0%,No,
040_3_32_1.png,vlbet,debet,lat,Deskewed,5,5,100.0%,No,
040_3_12_4.png,it,iurat,eng,Original_grayscale,2,5,40.0%,No,
040_3_12_4.png,Wt,iurat,eng,Threshold,2,5,40.0%,No,
040_3_12_4.png,wrat,iurat,eng,Deskewed,4,5,80.0%,No,
040_3_12_4.png,wrat,iurat,enm,Original_grayscale,4,5,80.0%,No,
040_3_12_4.png,wWraet,iurat,enm,Threshold,6,5,120.0%,No,
040_3_12_4.png,wrat,iurat,enm,Deskewed,4,5,80.0%,No,
040_3_12_4.png,uUurat,iurat,ita,Original_grayscale,6,5,120.0%,No,
040_3_12_4.png,uUurat,iurat,ita,Threshold,6,5,120.0%,No,
040_3_12_4.png,urat,iurat,ita,Deskewed,4,5,80.0%,No,
040_3_12_4.png,wract,iurat,ita_old,Original_grayscale,5,5,100.0%,No,
040_3_12_4.png,wWTXK,iurat,ita_old,Threshold,5,5,100.0%,No,
040_3_12_4.png,wurat,iurat,ita_old,Deskewed,5,5,100.0%,No,
040_3_12_4.png,iurat,iurat,lat,Original_grayscale,5,5,100.0%,Yes,
040_3_12_4.png,urat,iurat,lat,Threshold,4,5,80.0%,No,
040_3_12_4.png,uat,iurat,lat,Deskewed,3,5,60.0%,No,
040_3_10_6.png,wae,iurare,eng,Original_grayscale,3,6,50.0%,No,
040_3_10_6.png,unare,iurare,eng,Threshold,5,6,83.33%,No,
040_3_10_6.png,wrare,iurare,eng,Deskewed,5,6,83.33%,No,
040_3_10_6.png,wrare,iurare,enm,Original_grayscale,5,6,83.33%,No,
040_3_10_6.png,urare,iurare,enm,Threshold,5,6,83.33%,No,
040_3_10_6.png,uwrare,iurare,enm,Deskewed,6,6,100.0%,No,
040_3_10_6.png,unare,iurare,ita,Original_grayscale,5,6,83.33%,No,
040_3_10_6.png,unare,iurare,ita,Threshold,5,6,83.33%,No,
040_3_10_6.png,Wa,iurare,ita,Deskewed,2,6,33.33%,No,
040_3_10_6.png,unrzre,iurare,ita_old,Original_grayscale,6,6,100.0%,No,
040_3_10_6.png,unze,iurare,ita_old,Threshold,4,6,66.67%,No,
040_3_10_6.png,wran,iurare,ita_old,Deskewed,4,6,66.67%,No,
040_3_10_6.png,uamc,iurare,lat,Original_grayscale,4,6,66.67%,No,
040_3_10_6.png,um,iurare,lat,Threshold,2,6,33.33%,No,
040_3_10_6.png,um,iurare,lat,Deskewed,2,6,33.33%,No,
040_3_12_5.png,oebet,debet,eng,Original_grayscale,5,5,100.0%,No,
040_3_12_5.png,ebet,debet,eng,Threshold,4,5,80.0%,No,
040_3_12_5.png,webet,debet,eng,Deskewed,5,5,100.0%,No,
040_3_12_5.png,vebet,debet,enm,Original_grayscale,5,5,100.0%,No,
040_3_12_5.png,vebet,debet,enm,Threshold,5,5,100.0%,No,
040_3_12_5.png,webert,debet,enm,Deskewed,6,5,120.0%,No,
040_3_12_5.png,vebet,debet,ita,Original_grayscale,5,5,100.0%,No,
040_3_12_5.png,vebet,debet,ita,Threshold,5,5,100.0%,No,
040_3_12_5.png,Wwbet,debet,ita,Deskewed,5,5,100.0%,No,
040_3_12_5.png,vebet,debet,ita_old,Original_grayscale,5,5,100.0%,No,
040_3_12_5.png,vebet,debet,ita_old,Threshold,5,5,100.0%,No,
040_3_12_5.png,Vebct,debet,ita_old,Deskewed,5,5,100.0%,No,
040_3_12_5.png,wbct,debet,lat,Original_grayscale,4,5,80.0%,No,
040_3_12_5.png,uebet,debet,lat,Threshold,5,5,100.0%,No,
040_3_12_5.png,bt,debet,lat,Deskewed,2,5,40.0%,No,
040_3_14_3.png,av,ad,eng,Original_grayscale,2,2,100.0%,No,
040_3_14_3.png,av,ad,eng,Threshold,2,2,100.0%,No,
040_3_14_3.png,ao,ad,eng,Deskewed,2,2,100.0%,No,
040_3_14_3.png,ad,ad,enm,Original_grayscale,2,2,100.0%,Yes,
040_3_14_3.png,ad,ad,enm,Threshold,2,2,100.0%,Yes,
040_3_14_3.png,ad,ad,enm,Deskewed,2,2,100.0%,Yes,
040_3_14_3.png,av,ad,ita,Original_grayscale,2,2,100.0%,No,
040_3_14_3.png,av,ad,ita,Threshold,2,2,100.0%,No,
040_3_14_3.png,av,ad,ita,Deskewed,2,2,100.0%,No,
040_3_14_3.png,AV,ad,ita_old,Original_grayscale,2,2,100.0%,No,
040_3_14_3.png,AV,ad,ita_old,Threshold,2,2,100.0%,No,
040_3_14_3.png,av,ad,ita_old,Deskewed,2,2,100.0%,No,
040_3_14_3.png,ao,ad,lat,Original_grayscale,2,2,100.0%,No,
040_3_14_3.png,ao,ad,lat,Threshold,2,2,100.0%,No,
040_3_14_3.png,ao,ad,lat,Deskewed,2,2,100.0%,No,
040_3_30_2.png,Ee,Et,eng,Original_grayscale,2,2,100.0%,No,
040_3_30_2.png,c,Et,eng,Threshold,1,2,50.0%,No,
040_3_30_2.png,e,Et,eng,Deskewed,1,2,50.0%,No,
040_3_30_2.png,Ec,Et,enm,Original_grayscale,2,2,100.0%,No,
040_3_30_2.png,Ec,Et,enm,Threshold,2,2,100.0%,No,
040_3_30_2.png,Ec,Et,enm,Deskewed,2,2,100.0%,No,
040_3_30_2.png,e,Et,ita,Original_grayscale,1,2,50.0%,No,
040_3_30_2.png,E,Et,ita,Threshold,1,2,50.0%,No,
040_3_30_2.png,E,Et,ita,Deskewed,1,2,50.0%,No,
040_3_30_2.png,Kc,Et,ita_old,Original_grayscale,2,2,100.0%,No,
040_3_30_2.png,Kc,Et,ita_old,Threshold,2,2,100.0%,No,
040_3_30_2.png,Kc,Et,ita_old,Deskewed,2,2,100.0%,No,
040_3_30_2.png,fc,Et,lat,Original_grayscale,2,2,100.0%,No,
040_3_30_2.png,Kc,Et,lat,Threshold,2,2,100.0%,No,
040_3_30_2.png,t,Et,lat,Deskewed,1,2,50.0%,No,
040_3_16_1.png,fi,si,eng,Original_grayscale,2,2,100.0%,No,
040_3_16_1.png,i,si,eng,Threshold,1,2,50.0%,No,
040_3_16_1.png,fi,si,eng,Deskewed,2,2,100.0%,No,
040_3_16_1.png,fi,si,enm,Original_grayscale,2,2,100.0%,No,
040_3_16_1.png,fi,si,enm,Threshold,2,2,100.0%,No,
040_3_16_1.png,fi,si,enm,Deskewed,2,2,100.0%,No,
040_3_16_1.png,fi,si,ita,Original_grayscale,2,2,100.0%,No,
040_3_16_1.png,fi,si,ita,Threshold,2,2,100.0%,No,
040_3_16_1.png,fi,si,ita,Deskewed,2,2,100.0%,No,
040_3_16_1.png,fi,si,ita_old,Original_grayscale,2,2,100.0%,No,
040_3_16_1.png,fi,si,ita_old,Threshold,2,2,100.0%,No,
040_3_16_1.png,fi,si,ita_old,Deskewed,2,2,100.0%,No,
040_3_16_1.png,r,si,lat,Original_grayscale,1,2,50.0%,No,
040_3_16_1.png,f,si,lat,Threshold,1,2,50.0%,No,
040_3_16_1.png,fi,si,lat,Deskewed,2,2,100.0%,No,
040_3_16_5.png,per,per,eng,Original_grayscale,3,3,100.0%,Yes,
040_3_16_5.png,per,per,eng,Threshold,3,3,100.0%,Yes,
040_3_16_5.png,per,per,eng,Deskewed,3,3,100.0%,Yes,
040_3_16_5.png,per,per,enm,Original_grayscale,3,3,100.0%,Yes,
040_3_16_5.png,per,per,enm,Threshold,3,3,100.0%,Yes,
040_3_16_5.png,per,per,enm,Deskewed,3,3,100.0%,Yes,
040_3_16_5.png,per,per,ita,Original_grayscale,3,3,100.0%,Yes,
040_3_16_5.png,per,per,ita,Threshold,3,3,100.0%,Yes,
040_3_16_5.png,per,per,ita,Deskewed,3,3,100.0%,Yes,
040_3_16_5.png,per,per,ita_old,Original_grayscale,3,3,100.0%,Yes,
040_3_16_5.png,per,per,ita_old,Threshold,3,3,100.0%,Yes,
040_3_16_5.png,per,per,ita_old,Deskewed,3,3,100.0%,Yes,
040_3_16_5.png,per,per,lat,Original_grayscale,3,3,100.0%,Yes,
040_3_16_5.png,pr,per,lat,Threshold,2,3,66.67%,No,
040_3_16_5.png,pr,per,lat,Deskewed,2,3,66.67%,No,
040_3_09_2.png,fit,sit,eng,Original_grayscale,3,3,100.0%,No,
040_3_09_2.png,fit,sit,eng,Threshold,3,3,100.0%,No,
040_3_09_2.png,fit,sit,eng,Deskewed,3,3,100.0%,No,
040_3_09_2.png,fit,sit,enm,Original_grayscale,3,3,100.0%,No,
040_3_09_2.png,fit,sit,enm,Threshold,3,3,100.0%,No,
040_3_09_2.png,fit,sit,enm,Deskewed,3,3,100.0%,No,
040_3_09_2.png,fit,sit,ita,Original_grayscale,3,3,100.0%,No,
040_3_09_2.png,fit,sit,ita,Threshold,3,3,100.0%,No,
040_3_09_2.png,fit,sit,ita,Deskewed,3,3,100.0%,No,
040_3_09_2.png,fit,sit,ita_old,Original_grayscale,3,3,100.0%,No,
040_3_09_2.png,fit,sit,ita_old,Threshold,3,3,100.0%,No,
040_3_09_2.png,fit,sit,ita_old,Deskewed,3,3,100.0%,No,
040_3_09_2.png,fit,sit,lat,Original_grayscale,3,3,100.0%,No,
040_3_09_2.png,fit,sit,lat,Threshold,3,3,100.0%,No,
040_3_09_2.png,fit,sit,lat,Deskewed,3,3,100.0%,No,
040_3_10_2.png,ut,ut,eng,Original_grayscale,2,2,100.0%,Yes,
040_3_10_2.png,ut,ut,eng,Threshold,2,2,100.0%,Yes,
040_3_10_2.png,ut,ut,eng,Deskewed,2,2,100.0%,Yes,
040_3_10_2.png,ut,ut,enm,Original_grayscale,2,2,100.0%,Yes,
040_3_10_2.png,ut,ut,enm,Threshold,2,2,100.0%,Yes,
040_3_10_2.png,ut,ut,enm,Deskewed,2,2,100.0%,Yes,
040_3_10_2.png,ut,ut,ita,Original_grayscale,2,2,100.0%,Yes,
040_3_10_2.png,ue,ut,ita,Threshold,2,2,100.0%,No,
040_3_10_2.png,ut,ut,ita,Deskewed,2,2,100.0%,Yes,
040_3_10_2.png,ut,ut,ita_old,Original_grayscale,2,2,100.0%,Yes,
040_3_10_2.png,ut,ut,ita_old,Threshold,2,2,100.0%,Yes,
040_3_10_2.png,ut,ut,ita_old,Deskewed,2,2,100.0%,Yes,
040_3_10_2.png,ut,ut,lat,Original_grayscale,2,2,100.0%,Yes,
040_3_10_2.png,ut,ut,lat,Threshold,2,2,100.0%,Yes,
040_3_10_2.png,ut,ut,lat,Deskewed,2,2,100.0%,Yes,
040_3_29_6.png,llbl,ibi,eng,Original_grayscale,4,3,133.33%,No,
040_3_29_6.png,llbl,ibi,eng,Threshold,4,3,133.33%,No,
040_3_29_6.png,bt,ibi,eng,Deskewed,2,3,66.67%,No,
040_3_29_6.png,llbl,ibi,enm,Original_grayscale,4,3,133.33%,No,
040_3_29_6.png,llbl,ibi,enm,Threshold,4,3,133.33%,No,
040_3_29_6.png,ibt,ibi,enm,Deskewed,3,3,100.0%,No,
040_3_29_6.png,llbl,ibi,ita,Original_grayscale,4,3,133.33%,No,
040_3_29_6.png,llbl,ibi,ita,Threshold,4,3,133.33%,No,
040_3_29_6.png,ii,ibi,ita,Deskewed,2,3,66.67%,No,
040_3_29_6.png,lbl,ibi,ita_old,Original_grayscale,3,3,100.0%,No,
040_3_29_6.png,lbl,ibi,ita_old,Threshold,3,3,100.0%,No,
040_3_29_6.png,ibi,ibi,ita_old,Deskewed,3,3,100.0%,Yes,
040_3_29_6.png,llbl,ibi,lat,Original_grayscale,4,3,133.33%,No,
040_3_29_6.png,llbl,ibi,lat,Threshold,4,3,133.33%,No,
040_3_29_6.png,ibi,ibi,lat,Deskewed,3,3,100.0%,Yes,
040_3_34_3.png,CONKS,comes,eng,Original_grayscale,5,5,100.0%,No,
040_3_34_3.png,conis,comes,eng,Threshold,5,5,100.0%,No,
040_3_34_3.png,ONKS,comes,eng,Deskewed,4,5,80.0%,No,
040_3_34_3.png,cOmes,comes,enm,Original_grayscale,5,5,100.0%,Yes,
040_3_34_3.png,comes,comes,enm,Threshold,5,5,100.0%,Yes,
040_3_34_3.png,comes,comes,enm,Deskewed,5,5,100.0%,Yes,
040_3_34_3.png,CONCs,comes,ita,Original_grayscale,5,5,100.0%,No,
040_3_34_3.png,O,comes,ita,Threshold,1,5,20.0%,No,
040_3_34_3.png,O,comes,ita,Deskewed,1,5,20.0%,No,
040_3_34_3.png,comcs,comes,ita_old,Original_grayscale,5,5,100.0%,No,
040_3_34_3.png,comcs,comes,ita_old,Threshold,5,5,100.0%,No,
040_3_34_3.png,comcs,comes,ita_old,Deskewed,5,5,100.0%,No,
040_3_34_3.png,eomes,comes,lat,Original_grayscale,5,5,100.0%,No,
040_3_34_3.png,eomes,comes,lat,Threshold,5,5,100.0%,No,
040_3_34_3.png,eomee,comes,lat,Deskewed,5,5,100.0%,No,
040_3_32_5.png,OMuS,Comunis,eng,Original_grayscale,4,7,57.14%,No,
040_3_32_5.png,comunis,Comunis,eng,Threshold,7,7,100.0%,Yes,
040_3_32_5.png,comunis,Comunis,eng,Deskewed,7,7,100.0%,Yes,
040_3_32_5.png,coOmunis,Comunis,enm,Original_grayscale,8,7,114.29%,No,
040_3_32_5.png,cOmunms,Comunis,enm,Threshold,7,7,100.0%,No,
040_3_32_5.png,coOmUuNis,Comunis,enm,Deskewed,9,7,128.57%,No,
040_3_32_5.png,QINUNIS,Comunis,ita,Original_grayscale,7,7,100.0%,No,
040_3_32_5.png,QINUNIS,Comunis,ita,Threshold,7,7,100.0%,No,
040_3_32_5.png,WQINUNIS,Comunis,ita,Deskewed,8,7,114.29%,No,
040_3_32_5.png,cOmuuis,Comunis,ita_old,Original_grayscale,7,7,100.0%,No,
040_3_32_5.png,cOMmUunNnis,Comunis,ita_old,Threshold,11,7,157.14%,No,
040_3_32_5.png,cOmunis,Comunis,ita_old,Deskewed,7,7,100.0%,Yes,
040_3_32_5.png,eonuiis,Comunis,lat,Original_grayscale,7,7,100.0%,No,
040_3_32_5.png,eouius,Comunis,lat,Threshold,6,7,85.71%,No,
040_3_32_5.png,comumnis,Comunis,lat,Deskewed,8,7,114.29%,No,
040_3_14_6.png,eE,et,eng,Original_grayscale,2,2,100.0%,No,
040_3_14_6.png,eE,et,eng,Threshold,2,2,100.0%,No,
040_3_14_6.png,et,et,eng,Deskewed,2,2,100.0%,Yes,
040_3_14_6.png,t,et,enm,Original_grayscale,1,2,50.0%,No,
040_3_14_6.png,ct,et,enm,Threshold,2,2,100.0%,No,
040_3_14_6.png,ct,et,enm,Deskewed,2,2,100.0%,No,
040_3_14_6.png,t,et,ita,Original_grayscale,1,2,50.0%,No,
040_3_14_6.png,e,et,ita,Threshold,1,2,50.0%,No,
040_3_14_6.png,t,et,ita,Deskewed,1,2,50.0%,No,
040_3_14_6.png,et,et,ita_old,Original_grayscale,2,2,100.0%,Yes,
040_3_14_6.png,et,et,ita_old,Threshold,2,2,100.0%,Yes,
040_3_14_6.png,cet,et,ita_old,Deskewed,3,2,150.0%,No,
040_3_14_6.png,Jet,et,lat,Original_grayscale,3,2,150.0%,No,
040_3_14_6.png,et,et,lat,Threshold,2,2,100.0%,Yes,
040_3_14_6.png,et,et,lat,Deskewed,2,2,100.0%,Yes,
040_3_16_4.png,chelmo,Chelmo,eng,Original_grayscale,6,6,100.0%,Yes,
040_3_16_4.png,chelmo,Chelmo,eng,Threshold,6,6,100.0%,Yes,
040_3_16_4.png,chelmo,Chelmo,eng,Deskewed,6,6,100.0%,Yes,
040_3_16_4.png,chelmo,Chelmo,enm,Original_grayscale,6,6,100.0%,Yes,
040_3_16_4.png,chelmo,Chelmo,enm,Threshold,6,6,100.0%,Yes,
040_3_16_4.png,chelmo,Chelmo,enm,Deskewed,6,6,100.0%,Yes,
040_3_16_4.png,chelmo,Chelmo,ita,Original_grayscale,6,6,100.0%,Yes,
040_3_16_4.png,chelmo,Chelmo,ita,Threshold,6,6,100.0%,Yes,
040_3_16_4.png,chelmo,Chelmo,ita,Deskewed,6,6,100.0%,Yes,
040_3_16_4.png,chelmo,Chelmo,ita_old,Original_grayscale,6,6,100.0%,Yes,
040_3_16_4.png,chelmo,Chelmo,ita_old,Threshold,6,6,100.0%,Yes,
040_3_16_4.png,chelmo,Chelmo,ita_old,Deskewed,6,6,100.0%,Yes,
040_3_16_4.png,clmo,Chelmo,lat,Original_grayscale,4,6,66.67%,No,
040_3_16_4.png,cxlmo,Chelmo,lat,Threshold,5,6,83.33%,No,
040_3_16_4.png,dximo,Chelmo,lat,Deskewed,5,6,83.33%,No,
040_3_30_5.png,plac,placi,eng,Original_grayscale,4,5,80.0%,No,
040_3_30_5.png,plac,placi,eng,Threshold,4,5,80.0%,No,
040_3_30_5.png,plaa,placi,eng,Deskewed,4,5,80.0%,No,
040_3_30_5.png,plaqa,placi,enm,Original_grayscale,5,5,100.0%,No,
040_3_30_5.png,plaa,placi,enm,Threshold,4,5,80.0%,No,
040_3_30_5.png,plaa,placi,enm,Deskewed,4,5,80.0%,No,
040_3_30_5.png,plaa,placi,ita,Original_grayscale,4,5,80.0%,No,
040_3_30_5.png,plaa,placi,ita,Threshold,4,5,80.0%,No,
040_3_30_5.png,plaa,placi,ita,Deskewed,4,5,80.0%,No,
040_3_30_5.png,plaa,placi,ita_old,Original_grayscale,4,5,80.0%,No,
040_3_30_5.png,plaa,placi,ita_old,Threshold,4,5,80.0%,No,
040_3_30_5.png,plaa,placi,ita_old,Deskewed,4,5,80.0%,No,
040_3_30_5.png,plad,placi,lat,Original_grayscale,4,5,80.0%,No,
040_3_30_5.png,plad,placi,lat,Threshold,4,5,80.0%,No,
040_3_30_5.png,plaa,placi,lat,Deskewed,4,5,80.0%,No,
040_3_16_6.png,fe,se,eng,Original_grayscale,2,2,100.0%,No,
040_3_16_6.png,fe,se,eng,Threshold,2,2,100.0%,No,
040_3_16_6.png,fe,se,eng,Deskewed,2,2,100.0%,No,
040_3_16_6.png,e,se,enm,Original_grayscale,1,2,50.0%,No,
040_3_16_6.png,e,se,enm,Threshold,1,2,50.0%,No,
040_3_16_6.png,d,se,enm,Deskewed,1,2,50.0%,No,
040_3_16_6.png,e,se,ita,Original_grayscale,1,2,50.0%,No,
040_3_16_6.png,fe,se,ita,Threshold,2,2,100.0%,No,
040_3_16_6.png,fe,se,ita,Deskewed,2,2,100.0%,No,
040_3_16_6.png,le,se,ita_old,Original_grayscale,2,2,100.0%,No,
040_3_16_6.png,le,se,ita_old,Threshold,2,2,100.0%,No,
040_3_16_6.png,le,se,ita_old,Deskewed,2,2,100.0%,No,
040_3_16_6.png,fe,se,lat,Original_grayscale,2,2,100.0%,No,
040_3_16_6.png,fe,se,lat,Threshold,2,2,100.0%,No,
040_3_16_6.png,fe,se,lat,Deskewed,2,2,100.0%,No,
040_3_14_4.png,latus,latus,eng,Original_grayscale,5,5,100.0%,Yes,
040_3_14_4.png,latus,latus,eng,Threshold,5,5,100.0%,Yes,
040_3_14_4.png,latus,latus,eng,Deskewed,5,5,100.0%,Yes,
040_3_14_4.png,latus,latus,enm,Original_grayscale,5,5,100.0%,Yes,
040_3_14_4.png,latus,latus,enm,Threshold,5,5,100.0%,Yes,
040_3_14_4.png,latus,latus,enm,Deskewed,5,5,100.0%,Yes,
040_3_14_4.png,latus,latus,ita,Original_grayscale,5,5,100.0%,Yes,
040_3_14_4.png,latus,latus,ita,Threshold,5,5,100.0%,Yes,
040_3_14_4.png,latus,latus,ita,Deskewed,5,5,100.0%,Yes,
040_3_14_4.png,latus,latus,ita_old,Original_grayscale,5,5,100.0%,Yes,
040_3_14_4.png,latus,latus,ita_old,Threshold,5,5,100.0%,Yes,
040_3_14_4.png,latus,latus,ita_old,Deskewed,5,5,100.0%,Yes,
040_3_14_4.png,latus,latus,lat,Original_grayscale,5,5,100.0%,Yes,
040_3_14_4.png,latus,latus,lat,Threshold,5,5,100.0%,Yes,
040_3_14_4.png,latus,latus,lat,Deskewed,5,5,100.0%,Yes,
040_3_12_2.png,le,ille,eng,Original_grayscale,2,4,50.0%,No,
040_3_12_2.png,le,ille,eng,Threshold,2,4,50.0%,No,
040_3_12_2.png,ule,ille,eng,Deskewed,3,4,75.0%,No,
040_3_12_2.png,ille,ille,enm,Original_grayscale,4,4,100.0%,Yes,
040_3_12_2.png,nre,ille,enm,Threshold,3,4,75.0%,No,
040_3_12_2.png,le,ille,enm,Deskewed,2,4,50.0%,No,
040_3_12_2.png,ille,ille,ita,Original_grayscale,4,4,100.0%,Yes,
040_3_12_2.png,ille,ille,ita,Threshold,4,4,100.0%,Yes,
040_3_12_2.png,ule,ille,ita,Deskewed,3,4,75.0%,No,
040_3_12_2.png,uLe,ille,ita_old,Original_grayscale,3,4,75.0%,No,
040_3_12_2.png,uLe,ille,ita_old,Threshold,3,4,75.0%,No,
040_3_12_2.png,ule,ille,ita_old,Deskewed,3,4,75.0%,No,
040_3_12_2.png,ulc,ille,lat,Original_grayscale,3,4,75.0%,No,
040_3_12_2.png,ulc,ille,lat,Threshold,3,4,75.0%,No,
040_3_12_2.png,ulc,ille,lat,Deskewed,3,4,75.0%,No,
040_3_34_1.png,gufiy,gusii,eng,Original_grayscale,5,5,100.0%,No,
040_3_34_1.png,gufiy,gusii,eng,Threshold,5,5,100.0%,No,
040_3_34_1.png,gufy,gusii,eng,Deskewed,4,5,80.0%,No,
040_3_34_1.png,guly,gusii,enm,Original_grayscale,4,5,80.0%,No,
040_3_34_1.png,guly,gusii,enm,Threshold,4,5,80.0%,No,
040_3_34_1.png,guly,gusii,enm,Deskewed,4,5,80.0%,No,
040_3_34_1.png,gufiy,gusii,ita,Original_grayscale,5,5,100.0%,No,
040_3_34_1.png,guliy,gusii,ita,Threshold,5,5,100.0%,No,
040_3_34_1.png,suliy,gusii,ita,Deskewed,5,5,100.0%,No,
040_3_34_1.png,guli,gusii,ita_old,Original_grayscale,4,5,80.0%,No,
040_3_34_1.png,guli,gusii,ita_old,Threshold,4,5,80.0%,No,
040_3_34_1.png,guliy,gusii,ita_old,Deskewed,5,5,100.0%,No,
040_3_34_1.png,gufy,gusii,lat,Original_grayscale,4,5,80.0%,No,
040_3_34_1.png,gufy,gusii,lat,Threshold,4,5,80.0%,No,
040_3_34_1.png,guf,gusii,lat,Deskewed,3,5,60.0%,No,
040_3_29_4.png,plaatum,placitum,eng,Original_grayscale,7,8,87.5%,No,
040_3_29_4.png,plaatum,placitum,eng,Threshold,7,8,87.5%,No,
040_3_29_4.png,yladtum,placitum,eng,Deskewed,7,8,87.5%,No,
040_3_29_4.png,plaatum,placitum,enm,Original_grayscale,7,8,87.5%,No,
040_3_29_4.png,plaatum,placitum,enm,Threshold,7,8,87.5%,No,
040_3_29_4.png,Pladtum,placitum,enm,Deskewed,7,8,87.5%,No,
040_3_29_4.png,plaatum,placitum,ita,Original_grayscale,7,8,87.5%,No,
040_3_29_4.png,plaatum,placitum,ita,Threshold,7,8,87.5%,No,
040_3_29_4.png,yladtum,placitum,ita,Deskewed,7,8,87.5%,No,
040_3_29_4.png,plaatum,placitum,ita_old,Original_grayscale,7,8,87.5%,No,
040_3_29_4.png,plaatum,placitum,ita_old,Threshold,7,8,87.5%,No,
040_3_29_4.png,Mmm,placitum,ita_old,Deskewed,3,8,37.5%,No,
040_3_29_4.png,plaatum,placitum,lat,Original_grayscale,7,8,87.5%,No,
040_3_29_4.png,plaatum,placitum,lat,Threshold,7,8,87.5%,No,
040_3_29_4.png,padmm,placitum,lat,Deskewed,5,8,62.5%,No,
040_3_12_3.png,qQUANTO,quando,eng,Original_grayscale,7,6,116.67%,No,
040_3_12_3.png,qQUANTO,quando,eng,Threshold,7,6,116.67%,No,
040_3_12_3.png,QUANTO,quando,eng,Deskewed,6,6,100.0%,No,
040_3_12_3.png,quanw,quando,enm,Original_grayscale,5,6,83.33%,No,
040_3_12_3.png,quanw,quando,enm,Threshold,5,6,83.33%,No,
040_3_12_3.png,quantw,quando,enm,Deskewed,6,6,100.0%,No,
040_3_12_3.png,quanvwo,quando,ita,Original_grayscale,7,6,116.67%,No,
040_3_12_3.png,quanvo,quando,ita,Threshold,6,6,100.0%,No,
040_3_12_3.png,quano,quando,ita,Deskewed,5,6,83.33%,No,
040_3_12_3.png,quanwo,quando,ita_old,Original_grayscale,6,6,100.0%,No,
040_3_12_3.png,quanwo,quando,ita_old,Threshold,6,6,100.0%,No,
040_3_12_3.png,quanw,quando,ita_old,Deskewed,5,6,83.33%,No,
040_3_12_3.png,quamvo,quando,lat,Original_grayscale,6,6,100.0%,No,
040_3_12_3.png,quanvo,quando,lat,Threshold,6,6,100.0%,No,
040_3_12_3.png,quanoo,quando,lat,Deskewed,6,6,100.0%,No,
